/*******************************************************************************
 * Size: 22 px
 * Bpp: 4
 * Opts: --bpp 4 --size 22 --no-compress --stride 1 --align 1 --font materialdesignicons-webfont.ttf --range 983041,983043,983044,983046,983047,983064,985902,985722,983617,983194,984050,983905,983534,983277,983353,985161,983943,984423,983785,983886,983152,983095,983153,984927,984926,984925,984922,984923,983564,983560,983957,983312,984566,984464,983703,984211,986341,985052,985112,985426,987330,987462,987598,987806,988052,988086,983307,984535,983414,983069,984364,984024,983391,983514,983227,983772,986234,987657,983870,983861,984489,983215,983886,983072,983963,985107,984242,984334,983322,986637,983718,984327,984416,984483,983566,984365,987288,984687,984308,983806,983564,984388,984246,987959,984141,983867,984515,984263,984902,983723,986402,984113,984403,985605,985606,984387,984275,983716,983090,983096,983739,984468 --format lvgl -o icons22.c
 ******************************************************************************/

#ifdef __has_include
    #if __has_include("lvgl.h")
        #ifndef LV_LVGL_H_INCLUDE_SIMPLE
            #define LV_LVGL_H_INCLUDE_SIMPLE
        #endif
    #endif
#endif

#ifdef LV_LVGL_H_INCLUDE_SIMPLE
    #include "lvgl.h"
#else
    #include "lvgl/lvgl.h"
#endif



#ifndef ICONS22
#define ICONS22 1
#endif

#if ICONS22

/*-----------------
 *    BITMAPS
 *----------------*/

/*Store the image of the glyphs*/
static LV_ATTRIBUTE_LARGE_CONST const uint8_t glyph_bitmap[] = {
    /* U+F0001 "󰀁" */
    0xa, 0xaa, 0xaa, 0x40, 0x0, 0x0, 0x4, 0xaa,
    0xaa, 0xa0, 0x1f, 0xff, 0xff, 0x60, 0x0, 0x0,
    0x6, 0xff, 0xff, 0xf1, 0x1f, 0xc3, 0x5f, 0xed,
    0xdd, 0xdd, 0xde, 0xfd, 0x3c, 0xf1, 0x1f, 0xb0,
    0x3f, 0xff, 0xff, 0xff, 0xff, 0xfc, 0xb, 0xf1,
    0x1f, 0xff, 0xff, 0x70, 0x0, 0x0, 0x7, 0xff,
    0xff, 0xf1, 0x1e, 0xef, 0xfe, 0x50, 0x0, 0x0,
    0x5, 0xee, 0xfe, 0xe1, 0x0, 0x4f, 0xc0, 0x0,
    0x0, 0x0, 0x0, 0x3, 0xf4, 0x0, 0x0, 0x4f,
    0xc0, 0x0, 0x0, 0x0, 0x0, 0x3, 0xf4, 0x0,
    0x0, 0x4f, 0xc0, 0x0, 0x0, 0x0, 0x0, 0x3,
    0xf4, 0x0, 0x0, 0x4f, 0xc0, 0x0, 0x0, 0x0,
    0x0, 0x3, 0xf4, 0x0, 0x0, 0x4f, 0xc0, 0x0,
    0x0, 0x0, 0x0, 0x3, 0xf4, 0x0, 0x0, 0x4f,
    0xc0, 0x0, 0x0, 0x0, 0x0, 0x3, 0xf4, 0x0,
    0x0, 0x4f, 0xc0, 0x0, 0x0, 0x0, 0x0, 0x3,
    0xf4, 0x0, 0x8, 0xaf, 0xe8, 0x30, 0x0, 0x0,
    0x3, 0x8a, 0xfa, 0x80, 0x1f, 0xff, 0xff, 0x60,
    0x0, 0x0, 0x6, 0xff, 0xff, 0xf1, 0x1f, 0xb0,
    0x3f, 0xff, 0xff, 0xff, 0xff, 0xfc, 0xb, 0xf1,
    0x1f, 0xb0, 0x3f, 0xff, 0xff, 0xff, 0xff, 0xfc,
    0xb, 0xf1, 0x1f, 0xfd, 0xef, 0x82, 0x22, 0x22,
    0x28, 0xff, 0xdf, 0xf1, 0x1f, 0xff, 0xff, 0x60,
    0x0, 0x0, 0x6, 0xff, 0xff, 0xf1,

    /* U+F0003 "󰀃" */
    0x0, 0x7, 0x0, 0x0, 0x0, 0x0, 0x0, 0x0,
    0x70, 0x0, 0x0, 0x8f, 0x70, 0x0, 0x0, 0x0,
    0x0, 0x7, 0xf8, 0x0, 0x1, 0xfe, 0x10, 0x0,
    0x0, 0x0, 0x0, 0x1, 0xef, 0x10, 0x8, 0xf6,
    0x7, 0xa0, 0x0, 0x0, 0xa, 0x70, 0x6f, 0x80,
    0xd, 0xf0, 0x1f, 0xf2, 0x0, 0x0, 0x2f, 0xf1,
    0xf, 0xd0, 0xf, 0xc0, 0x7f, 0x70, 0x5f, 0xf5,
    0x7, 0xf6, 0xc, 0xf0, 0x2f, 0xa0, 0x9f, 0x40,
    0xcf, 0xfc, 0x4, 0xf9, 0xa, 0xf1, 0x1f, 0xb0,
    0x8f, 0x50, 0xaf, 0xfa, 0x5, 0xf8, 0xb, 0xf1,
    0xf, 0xe0, 0x4f, 0xb0, 0x7, 0x70, 0xb, 0xf4,
    0xe, 0xf0, 0xb, 0xf3, 0xd, 0xf2, 0x0, 0x0,
    0x2f, 0xd0, 0x3f, 0xb0, 0x5, 0xfa, 0x2, 0x30,
    0x0, 0x0, 0x3, 0x20, 0xaf, 0x50, 0x0, 0xcf,
    0x50, 0x0, 0x0, 0x0, 0x0, 0x5, 0xfc, 0x0,
    0x0, 0x2e, 0x30, 0x0, 0x0, 0x0, 0x0, 0x3,
    0xe2, 0x0, 0x0, 0x0, 0x0, 0x0, 0x0, 0x0,
    0x0, 0x0, 0x0, 0x0,

    /* U+F0004 "󰀄" */
    0x0, 0x0, 0x0, 0x16, 0x73, 0x0, 0x0, 0x0,
    0x0, 0x0, 0x4, 0xff, 0xff, 0xa0, 0x0, 0x0,
    0x0, 0x0, 0x1e, 0xff, 0xff, 0xf7, 0x0, 0x0,
    0x0, 0x0, 0x5f, 0xff, 0xff, 0xfc, 0x0, 0x0,
    0x0, 0x0, 0x6f, 0xff, 0xff, 0xfd, 0x0, 0x0,
    0x0, 0x0, 0x2f, 0xff, 0xff, 0xf9, 0x0, 0x0,
    0x0, 0x0, 0x9, 0xff, 0xff, 0xe1, 0x0, 0x0,
    0x0, 0x0, 0x0, 0x6c, 0xd9, 0x10, 0x0, 0x0,
    0x0, 0x0, 0x0, 0x0, 0x0, 0x0, 0x0, 0x0,
    0x0, 0x0, 0x2, 0x56, 0x65, 0x30, 0x0, 0x0,
    0x0, 0x18, 0xef, 0xff, 0xff, 0xff, 0xb4, 0x0,
    0x4, 0xff, 0xff, 0xff, 0xff, 0xff, 0xff, 0xa0,
    0xe, 0xff, 0xff, 0xff, 0xff, 0xff, 0xff, 0xf5,
    0x1f, 0xff, 0xff, 0xff, 0xff, 0xff, 0xff, 0xf8,
    0x2f, 0xff, 0xff, 0xff, 0xff, 0xff, 0xff, 0xf9,
    0x0, 0x0, 0x0, 0x0, 0x0, 0x0, 0x0, 0x0,

    /* U+F0006 "󰀆" */
    0x2, 0xab, 0xbb, 0xbb, 0xbb, 0xbb, 0xbb, 0xbb,
    0x70, 0xe, 0xff, 0xff, 0xff, 0xff, 0xff, 0xff,
    0xff, 0xf7, 0x1f, 0xff, 0xff, 0xff, 0xff, 0xff,
    0xff, 0xff, 0xfa, 0x1f, 0xff, 0xff, 0xfb, 0x31,
    0x5e, 0xff, 0xff, 0xfa, 0x1f, 0xff, 0xff, 0xd0,
    0x0, 0x4, 0xff, 0xff, 0xfa, 0x1f, 0xff, 0xff,
    0x80, 0x0, 0x0, 0xff, 0xff, 0xfa, 0x1f, 0xff,
    0xff, 0x80, 0x0, 0x0, 0xff, 0xff, 0xfa, 0x1f,
    0xff, 0xff, 0xd0, 0x0, 0x5, 0xff, 0xff, 0xfa,
    0x1f, 0xff, 0xff, 0xfc, 0x43, 0x7f, 0xff, 0xff,
    0xfa, 0x1f, 0xff, 0xff, 0xff, 0xff, 0xff, 0xff,
    0xff, 0xfa, 0x1f, 0xff, 0xff, 0xfd, 0xaa, 0xbe,
    0xff, 0xff, 0xfa, 0x1f, 0xff, 0xe7, 0x10, 0x0,
    0x0, 0x3b, 0xff, 0xfa, 0x1f, 0xfe, 0x10, 0x0,
    0x0, 0x0, 0x0, 0x7f, 0xfa, 0x1f, 0xfa, 0x0,
    0x0, 0x0, 0x0, 0x0, 0x1f, 0xfa, 0x1f, 0xfe,
    0xbb, 0xbb, 0xbb, 0xbb, 0xbb, 0xcf, 0xfa, 0xf,
    0xff, 0xff, 0xff, 0xff, 0xff, 0xff, 0xff, 0xf9,
    0x6, 0xff, 0xff, 0xff, 0xff, 0xff, 0xff, 0xff,
    0xc1,

    /* U+F0007 "󰀇" */
    0x3, 0xab, 0xbb, 0xbb, 0xbb, 0xbb, 0xbb, 0xbb,
    0x80, 0xe, 0xff, 0xff, 0xff, 0xff, 0xff, 0xff,
    0xff, 0xf7, 0x1f, 0xc1, 0x11, 0x11, 0x11, 0x11,
    0x11, 0x14, 0xfa, 0x1f, 0xc0, 0x0, 0x0, 0x0,
    0x0, 0x0, 0x3, 0xfa, 0x1f, 0xc0, 0x0, 0x0,
    0x1, 0x0, 0x0, 0x3, 0xfa, 0x1f, 0xc0, 0x0,
    0x4, 0xff, 0x90, 0x0, 0x3, 0xfa, 0x1f, 0xc0,
    0x0, 0xc, 0xff, 0xf2, 0x0, 0x3, 0xfa, 0x1f,
    0xc0, 0x0, 0xc, 0xff, 0xf1, 0x0, 0x3, 0xfa,
    0x1f, 0xc0, 0x0, 0x3, 0xce, 0x60, 0x0, 0x3,
    0xfa, 0x1f, 0xc0, 0x0, 0x0, 0x0, 0x0, 0x0,
    0x3, 0xfa, 0x1f, 0xc0, 0x0, 0x16, 0x89, 0x73,
    0x0, 0x3, 0xfa, 0x1f, 0xc0, 0x6, 0xff, 0xff,
    0xff, 0xa0, 0x3, 0xfa, 0x1f, 0xc0, 0xe, 0xff,
    0xff, 0xff, 0xf4, 0x3, 0xfa, 0x1f, 0xc0, 0x1,
    0x11, 0x11, 0x11, 0x10, 0x3, 0xfa, 0x1f, 0xc0,
    0x0, 0x0, 0x0, 0x0, 0x0, 0x3, 0xfa, 0xf,
    0xfd, 0xdd, 0xdd, 0xdd, 0xdd, 0xdd, 0xde, 0xf8,
    0x6, 0xff, 0xff, 0xff, 0xff, 0xff, 0xff, 0xff,
    0xc1,

    /* U+F0018 "󰀘" */
    0x0, 0x0, 0x0, 0x0, 0x0, 0x11, 0x0, 0x0,
    0x0, 0x0, 0x0, 0x0, 0x0, 0x0, 0x5, 0xdf,
    0xff, 0xfc, 0x71, 0x0, 0x0, 0x0, 0x0, 0x1,
    0x41, 0x1, 0xfd, 0xbb, 0xef, 0xff, 0x60, 0x0,
    0x0, 0x0, 0x1e, 0xfd, 0x0, 0x0, 0x0, 0x2,
    0x8f, 0xfa, 0x0, 0x0, 0x0, 0x3f, 0xff, 0x20,
    0x0, 0x0, 0x0, 0x2, 0xdf, 0xa0, 0x0, 0x0,
    0xc, 0xfa, 0x0, 0x0, 0x0, 0x0, 0x0, 0xd,
    0xf7, 0x0, 0x0, 0x0, 0x0, 0x0, 0x3a, 0xcc,
    0x71, 0x0, 0x2, 0xff, 0x10, 0x6, 0x30, 0x0,
    0x5, 0xff, 0xff, 0xfe, 0x20, 0x0, 0x8f, 0x70,
    0xc, 0xf0, 0x0, 0x2f, 0xff, 0xff, 0xff, 0xc0,
    0x0, 0x2f, 0xc0, 0xf, 0xd0, 0x0, 0x9f, 0xff,
    0xff, 0xff, 0xf3, 0x0, 0xe, 0xf0, 0x1f, 0xc0,
    0x0, 0xbf, 0xff, 0xff, 0xff, 0xf6, 0x0, 0xc,
    0xf1, 0xf, 0xc0, 0x0, 0xaf, 0xff, 0xff, 0xff,
    0xf5, 0x0, 0xc, 0xf0, 0xe, 0xf0, 0x0, 0x5f,
    0xff, 0xff, 0xff, 0xf1, 0x0, 0xe, 0xf0, 0xb,
    0xf3, 0x0, 0xc, 0xff, 0xff, 0xff, 0x60, 0x0,
    0x3f, 0xb0, 0x5, 0xfa, 0x0, 0x0, 0xaf, 0xff,
    0xe6, 0x0, 0x0, 0xaf, 0x60, 0x0, 0xef, 0x50,
    0x0, 0x1, 0x43, 0x0, 0x0, 0x5, 0xfe, 0x0,
    0x0, 0x3f, 0xf3, 0x0, 0x0, 0x0, 0x0, 0x0,
    0x3f, 0xf4, 0x0, 0x0, 0x7, 0xff, 0x60, 0x0,
    0x0, 0x0, 0x6, 0xff, 0x70, 0x0, 0x0, 0x0,
    0x6f, 0xfc, 0x62, 0x0, 0x26, 0xcf, 0xf6, 0x0,
    0x0, 0x0, 0x0, 0x3, 0xcf, 0xff, 0xff, 0xff,
    0xfc, 0x30, 0x0, 0x0, 0x0, 0x0, 0x0, 0x3,
    0x8b, 0xdd, 0xb8, 0x30, 0x0, 0x0, 0x0,

    /* U+F001D "󰀝" */
    0x0, 0x0, 0x0, 0x0, 0x0, 0x0, 0x0, 0x0,
    0x0, 0x0, 0x0, 0x0, 0x0, 0x0, 0x0, 0x5f,
    0xd0, 0x0, 0x0, 0x0, 0x0, 0x0, 0x0, 0x5f,
    0xff, 0x30, 0xae, 0xa7, 0x30, 0x0, 0x0, 0x5f,
    0xff, 0xa0, 0x1b, 0xff, 0xff, 0xfc, 0x85, 0x5f,
    0xff, 0xa0, 0x0, 0x3, 0xcf, 0xff, 0xff, 0xff,
    0xff, 0xa0, 0x0, 0x0, 0x0, 0x4d, 0xff, 0xff,
    0xff, 0xa0, 0x0, 0x0, 0x0, 0x0, 0x5, 0xef,
    0xff, 0xf7, 0x0, 0x0, 0x0, 0x0, 0x0, 0x4f,
    0xff, 0xff, 0xa0, 0x0, 0x0, 0x0, 0x0, 0x4f,
    0xff, 0xff, 0xfe, 0x0, 0x0, 0x0, 0x0, 0x4f,
    0xff, 0x93, 0xff, 0xf2, 0x0, 0x1, 0xcd, 0xbf,
    0xff, 0x90, 0xb, 0xff, 0x50, 0x0, 0x8, 0xff,
    0xff, 0xa0, 0x0, 0x3f, 0xf9, 0x0, 0x0, 0x1,
    0xbf, 0xe0, 0x0, 0x0, 0xaf, 0xd0, 0x0, 0x0,
    0x1, 0xef, 0x0, 0x0, 0x2, 0xff, 0x0, 0x0,
    0x0, 0x6, 0xf0, 0x0, 0x0, 0x9, 0xe1, 0x0,
    0x0, 0x0, 0x3, 0x0, 0x0, 0x0, 0x12, 0x0,
    0x0,

    /* U+F0020 "󰀠" */
    0x0, 0x0, 0x33, 0x0, 0x0, 0x0, 0x0, 0x33,
    0x0, 0x0, 0x0, 0x5, 0xfe, 0x0, 0x0, 0x0,
    0x0, 0xef, 0x50, 0x0, 0x0, 0x7f, 0xf5, 0x4,
    0x8a, 0xa8, 0x40, 0x5f, 0xf7, 0x0, 0xa, 0xfe,
    0x34, 0xdf, 0xff, 0xff, 0xfd, 0x43, 0xef, 0x90,
    0xa, 0xd2, 0x7f, 0xfb, 0x53, 0x35, 0xbf, 0xf7,
    0x2d, 0xa0, 0x0, 0x16, 0xfe, 0x40, 0x0, 0x0,
    0x4, 0xef, 0x61, 0x0, 0x0, 0x2f, 0xf2, 0x0,
    0xd, 0x60, 0x0, 0x2f, 0xf2, 0x0, 0x0, 0x9f,
    0x70, 0x0, 0xe, 0x70, 0x0, 0x7, 0xf9, 0x0,
    0x0, 0xff, 0x0, 0x0, 0xe, 0x70, 0x0, 0x0,
    0xff, 0x0, 0x2, 0xfb, 0x0, 0x0, 0xe, 0x70,
    0x0, 0x0, 0xcf, 0x20, 0x3, 0xfa, 0x0, 0x0,
    0xe, 0x70, 0x0, 0x0, 0xaf, 0x30, 0x2, 0xfb,
    0x0, 0x0, 0xc, 0xf7, 0x0, 0x0, 0xbf, 0x20,
    0x0, 0xfe, 0x0, 0x0, 0x0, 0x7f, 0xd4, 0x0,
    0xef, 0x0, 0x0, 0xbf, 0x50, 0x0, 0x0, 0x1,
    0x9c, 0x5, 0xfb, 0x0, 0x0, 0x4f, 0xe1, 0x0,
    0x0, 0x0, 0x0, 0x1e, 0xf3, 0x0, 0x0, 0x9,
    0xfc, 0x10, 0x0, 0x0, 0x1, 0xcf, 0x80, 0x0,
    0x0, 0x0, 0xbf, 0xe7, 0x10, 0x1, 0x7e, 0xfb,
    0x0, 0x0, 0x0, 0x0, 0x8, 0xff, 0xff, 0xff,
    0xff, 0x70, 0x0, 0x0, 0x0, 0x0, 0x0, 0x28,
    0xce, 0xec, 0x82, 0x0, 0x0, 0x0,

    /* U+F0032 "󰀲" */
    0x0, 0x2, 0x0, 0x0, 0x0, 0x0, 0x0, 0x10,
    0x0, 0x0, 0x0, 0x92, 0x0, 0x0, 0x0, 0x0,
    0x9, 0x10, 0x0, 0x0, 0x1, 0xa0, 0x1, 0x34,
    0x20, 0x3, 0x70, 0x0, 0x0, 0x0, 0x8, 0xad,
    0xff, 0xff, 0xfa, 0xb0, 0x0, 0x0, 0x0, 0x5,
    0xef, 0xff, 0xff, 0xff, 0xff, 0x90, 0x0, 0x0,
    0x6, 0xff, 0xff, 0xff, 0xff, 0xff, 0xff, 0xc0,
    0x0, 0x4, 0xff, 0xff, 0xff, 0xff, 0xff, 0xff,
    0xff, 0xa0, 0x0, 0xef, 0xf5, 0x6f, 0xff, 0xff,
    0xfc, 0xe, 0xff, 0x50, 0x6f, 0xff, 0xdd, 0xff,
    0xff, 0xff, 0xfa, 0xff, 0xfc, 0xb, 0xff, 0xff,
    0xff, 0xff, 0xff, 0xff, 0xff, 0xff, 0xf1, 0xef,
    0xff, 0xff, 0xff, 0xff, 0xff, 0xff, 0xff, 0xff,
    0x40, 0x0, 0x0, 0x0, 0x0, 0x0, 0x0, 0x0,
    0x0, 0x0,

    /* U+F0037 "󰀷" */
    0xb, 0x40, 0x5, 0xbc, 0xa5, 0x0, 0x2, 0x9c,
    0xb6, 0x0, 0xb, 0x30, 0x9f, 0xb8, 0xcf, 0x80,
    0x1e, 0xd7, 0x9f, 0x80, 0x5, 0x24, 0xf9, 0x0,
    0xa, 0xf3, 0x6f, 0x20, 0x7, 0xb0, 0xf, 0x69,
    0xf1, 0x0, 0x2, 0xf8, 0x5f, 0x92, 0x0, 0x0,
    0xf, 0x6a, 0xf0, 0x0, 0x0, 0xf9, 0x9, 0xff,
    0xe9, 0x10, 0xf, 0x6a, 0xf0, 0x0, 0x0, 0xf9,
    0x0, 0x15, 0xaf, 0xd0, 0xf, 0x66, 0xf5, 0x0,
    0x5, 0xf5, 0x34, 0x0, 0x8, 0xf1, 0xf, 0x61,
    0xee, 0x41, 0x4e, 0xd0, 0x7f, 0x50, 0x1c, 0xe0,
    0xf, 0x60, 0x2d, 0xff, 0xfd, 0x20, 0xb, 0xff,
    0xfe, 0x40, 0x1, 0x0, 0x0, 0x24, 0x20, 0x0,
    0x0, 0x14, 0x30, 0x0,

    /* U+F0038 "󰀸" */
    0x0, 0x0, 0x0, 0x0, 0x0, 0x25, 0x41, 0x0,
    0x0, 0x0, 0x0, 0x0, 0x0, 0x0, 0x1b, 0xff,
    0xff, 0x70, 0x0, 0x0, 0x0, 0x0, 0x0, 0x0,
    0xbf, 0xff, 0xff, 0xf7, 0x0, 0x0, 0x0, 0x0,
    0x2b, 0xc8, 0xff, 0xff, 0xff, 0xfe, 0x0, 0x0,
    0x0, 0x0, 0xef, 0xff, 0xff, 0xff, 0xff, 0xff,
    0x30, 0x0, 0x0, 0x2, 0xff, 0xff, 0xff, 0xff,
    0xff, 0xff, 0x40, 0x0, 0x0, 0x9f, 0xff, 0xff,
    0xff, 0xff, 0xff, 0xff, 0xf8, 0x0, 0x8, 0xff,
    0xff, 0xff, 0xff, 0xff, 0xff, 0xff, 0xff, 0x80,
    0xf, 0xff, 0xff, 0xff, 0xff, 0xff, 0xff, 0xff,
    0xff, 0xf0, 0x2f, 0xff, 0xff, 0xff, 0xff, 0xff,
    0xff, 0xff, 0xff, 0xf1, 0xf, 0xff, 0xff, 0xff,
    0xff, 0xff, 0xff, 0xff, 0xff, 0xf0, 0x7, 0xff,
    0xff, 0xff, 0xff, 0xff, 0xff, 0xff, 0xff, 0x70,
    0x0, 0x7e, 0xff, 0xff, 0xff, 0xff, 0xff, 0xff,
    0xe7, 0x0, 0x0, 0x0, 0x0, 0x0, 0x0, 0x0,
    0x0, 0x0, 0x0, 0x0,

    /* U+F0070 "󰁰" */
    0x0, 0x0, 0x0, 0x0, 0x3, 0x0, 0x0, 0x0,
    0x0, 0x0, 0x0, 0x0, 0x0, 0x4c, 0xfd, 0x40,
    0x0, 0x0, 0x0, 0x0, 0x0, 0x3, 0xbf, 0xff,
    0xff, 0xc4, 0x0, 0x0, 0x0, 0x0, 0x2a, 0xff,
    0xff, 0xff, 0xff, 0xfb, 0x30, 0x0, 0x1, 0x9f,
    0xff, 0xff, 0xff, 0xff, 0xff, 0xff, 0xa2, 0x1,
    0xff, 0xff, 0xff, 0xff, 0xff, 0xff, 0xff, 0xff,
    0xf3, 0x2f, 0xff, 0xff, 0xff, 0xff, 0xff, 0xff,
    0xff, 0xff, 0x30, 0x11, 0x11, 0x11, 0x11, 0x11,
    0x11, 0x11, 0x11, 0x10, 0x0, 0x1, 0x10, 0x0,
    0x11, 0x10, 0x0, 0x11, 0x0, 0x0, 0x5, 0xff,
    0x60, 0xd, 0xfe, 0x0, 0x5f, 0xf6, 0x0, 0x0,
    0x5f, 0xf6, 0x0, 0xdf, 0xe0, 0x5, 0xff, 0x60,
    0x0, 0x5, 0xff, 0x60, 0xd, 0xfe, 0x0, 0x5f,
    0xf6, 0x0, 0x0, 0x5f, 0xf6, 0x0, 0xdf, 0xe0,
    0x5, 0xff, 0x60, 0x0, 0x5, 0xff, 0x60, 0xd,
    0xfe, 0x0, 0x5f, 0xf6, 0x0, 0x0, 0x5f, 0xf6,
    0x0, 0xdf, 0xe0, 0x5, 0xff, 0x60, 0x0, 0x1,
    0x55, 0x20, 0x4, 0x54, 0x0, 0x15, 0x52, 0x0,
    0x0, 0x0, 0x0, 0x0, 0x0, 0x0, 0x0, 0x0,
    0x0, 0x1, 0xcc, 0xcc, 0xcc, 0xcc, 0xcc, 0xcc,
    0xcc, 0xcc, 0xc3, 0x2f, 0xff, 0xff, 0xff, 0xff,
    0xff, 0xff, 0xff, 0xff, 0x32, 0xff, 0xff, 0xff,
    0xff, 0xff, 0xff, 0xff, 0xff, 0xf3,

    /* U+F0071 "󰁱" */
    0x1f, 0xb5, 0x7a, 0xff, 0x1d, 0x1, 0xfb, 0x5f,
    0xf3, 0xd0, 0x1f, 0xb6, 0x7a, 0xff, 0x1e, 0x1,
    0xfb, 0x5f, 0xf4, 0xe0, 0x1f, 0xb6, 0x7a, 0xff,
    0x1e, 0x1, 0xfb, 0x5f, 0xf4, 0xe0, 0x1f, 0xb6,
    0x7a, 0xff, 0x1e, 0x1, 0xfb, 0x5f, 0xf4, 0xe0,
    0x1f, 0xb6, 0x7a, 0xff, 0x1e, 0x1, 0xfb, 0x5f,
    0xf4, 0xe0, 0x1f, 0xb6, 0x7a, 0xff, 0x1e, 0x1,
    0xfb, 0x5f, 0xf4, 0xe0, 0x1f, 0xb6, 0x7a, 0xff,
    0x1e, 0x1, 0xfb, 0x5f, 0xf4, 0xe0, 0x1f, 0xb6,
    0x7a, 0xff, 0x1e, 0x1, 0xfb, 0x5f, 0xf4, 0xe0,
    0x1f, 0xb6, 0x7a, 0xff, 0x1e, 0x1, 0xfb, 0x5f,
    0xf4, 0xe0, 0x1f, 0xb6, 0x7a, 0xff, 0x1e, 0x1,
    0xfb, 0x5f, 0xf4, 0xe0, 0x1f, 0xb6, 0x7a, 0xff,
    0x1e, 0x1, 0xfb, 0x5f, 0xf4, 0xe0, 0x0, 0x0,
    0x0, 0x0, 0x0, 0x0, 0x0, 0x0, 0x0, 0x0,

    /* U+F009A "󰂚" */
    0x0, 0x0, 0x0, 0x0, 0x35, 0x0, 0x0, 0x0,
    0x0, 0x0, 0x0, 0x0, 0x5, 0xff, 0xb0, 0x0,
    0x0, 0x0, 0x0, 0x0, 0x0, 0xb, 0xff, 0xf2,
    0x0, 0x0, 0x0, 0x0, 0x0, 0x6, 0xef, 0xff,
    0xff, 0xa0, 0x0, 0x0, 0x0, 0x0, 0x8f, 0xff,
    0xff, 0xff, 0xfc, 0x0, 0x0, 0x0, 0x4, 0xff,
    0xff, 0xff, 0xff, 0xff, 0x90, 0x0, 0x0, 0xc,
    0xff, 0xff, 0xff, 0xff, 0xff, 0xf2, 0x0, 0x0,
    0x1f, 0xff, 0xff, 0xff, 0xff, 0xff, 0xf6, 0x0,
    0x0, 0x3f, 0xff, 0xff, 0xff, 0xff, 0xff, 0xf8,
    0x0, 0x0, 0x3f, 0xff, 0xff, 0xff, 0xff, 0xff,
    0xf9, 0x0, 0x0, 0x3f, 0xff, 0xff, 0xff, 0xff,
    0xff, 0xf9, 0x0, 0x0, 0x3f, 0xff, 0xff, 0xff,
    0xff, 0xff, 0xf9, 0x0, 0x0, 0x3f, 0xff, 0xff,
    0xff, 0xff, 0xff, 0xf9, 0x0, 0x0, 0x3f, 0xff,
    0xff, 0xff, 0xff, 0xff, 0xf9, 0x0, 0x0, 0x7f,
    0xff, 0xff, 0xff, 0xff, 0xff, 0xfc, 0x0, 0x6,
    0xff, 0xff, 0xff, 0xff, 0xff, 0xff, 0xff, 0xb0,
    0x1f, 0xff, 0xff, 0xff, 0xff, 0xff, 0xff, 0xff,
    0xf6, 0x1, 0x11, 0x11, 0x11, 0x11, 0x11, 0x11,
    0x11, 0x10, 0x0, 0x0, 0x0, 0x8, 0xff, 0xe0,
    0x0, 0x0, 0x0, 0x0, 0x0, 0x0, 0x1, 0xac,
    0x40, 0x0, 0x0, 0x0,

    /* U+F00AF "󰂯" */
    0x0, 0x0, 0x0, 0x50, 0x0, 0x0, 0x0, 0x0,
    0x0, 0xe, 0xc0, 0x0, 0x0, 0x0, 0x0, 0x0,
    0xef, 0xc1, 0x0, 0x0, 0x41, 0x0, 0xe, 0xff,
    0xc1, 0x0, 0x2f, 0xd1, 0x0, 0xee, 0xbf, 0xc1,
    0x0, 0x9f, 0xd2, 0xe, 0xe0, 0xbf, 0xc0, 0x0,
    0x9f, 0xe2, 0xee, 0x2e, 0xf9, 0x0, 0x0, 0x9f,
    0xef, 0xfe, 0xf9, 0x0, 0x0, 0x0, 0x9f, 0xff,
    0xf9, 0x0, 0x0, 0x0, 0x0, 0xaf, 0xf9, 0x0,
    0x0, 0x0, 0x0, 0x2e, 0xff, 0xd1, 0x0, 0x0,
    0x0, 0x2e, 0xff, 0xff, 0xd1, 0x0, 0x0, 0x2e,
    0xf8, 0xee, 0x9f, 0xd1, 0x0, 0x2e, 0xf9, 0xe,
    0xe0, 0xbf, 0xd0, 0x1e, 0xf9, 0x0, 0xee, 0x3e,
    0xf7, 0x0, 0xc9, 0x0, 0xe, 0xfe, 0xf7, 0x0,
    0x0, 0x0, 0x0, 0xef, 0xf7, 0x0, 0x0, 0x0,
    0x0, 0xe, 0xf7, 0x0, 0x0, 0x0, 0x0, 0x0,
    0xe7, 0x0, 0x0, 0x0,

    /* U+F00BB "󰂻" */
    0x0, 0x0, 0x6, 0x91, 0x0, 0x9, 0x99, 0x99,
    0x40, 0x0, 0x0, 0x7f, 0xf1, 0x0, 0xf, 0xff,
    0xff, 0xf3, 0x0, 0x0, 0xaf, 0xf1, 0x0, 0xf,
    0xff, 0xff, 0xf6, 0x0, 0x0, 0xaf, 0xf1, 0x0,
    0xf, 0xff, 0xff, 0xf6, 0xb, 0x80, 0xaf, 0xf4,
    0xcd, 0x3f, 0xff, 0xff, 0xf6, 0x1f, 0xc0, 0xaf,
    0xff, 0xff, 0xff, 0xff, 0xff, 0xf6, 0x1f, 0xc0,
    0xaf, 0xff, 0xff, 0xff, 0xff, 0xff, 0xf6, 0x1f,
    0xc0, 0xaf, 0xff, 0xff, 0xff, 0xff, 0xff, 0xf6,
    0x1f, 0xc0, 0xaf, 0xff, 0xff, 0xff, 0xff, 0xff,
    0xf6, 0x1f, 0xc0, 0xaf, 0xff, 0xff, 0xff, 0xff,
    0xff, 0xf6, 0x1f, 0xc0, 0xaf, 0xff, 0xff, 0xff,
    0xff, 0xff, 0xf6, 0x1f, 0xc0, 0xaf, 0xff, 0xff,
    0xff, 0xff, 0xff, 0xf6, 0x1f, 0xc0, 0xaf, 0xff,
    0xff, 0xff, 0xff, 0xff, 0xf6, 0x1f, 0xc0, 0x9f,
    0xff, 0xff, 0xff, 0xff, 0xff, 0xf5, 0x1f, 0xc0,
    0x2d, 0xff, 0xff, 0xff, 0xff, 0xff, 0xb0, 0x1f,
    0xc0, 0x0, 0x0, 0x0, 0x0, 0x0, 0x0, 0x0,
    0x1f, 0xc0, 0x0, 0x0, 0x0, 0x0, 0x0, 0x0,
    0x0, 0xf, 0xfd, 0xdd, 0xdd, 0xdd, 0xdd, 0xda,
    0x0, 0x0, 0x6, 0xef, 0xff, 0xff, 0xff, 0xff,
    0xfb, 0x0, 0x0,

    /* U+F00ED "󰃭" */
    0x0, 0x2, 0x63, 0x0, 0x0, 0x0, 0x16, 0x40,
    0x0, 0x0, 0x5, 0xf7, 0x0, 0x0, 0x0, 0x4f,
    0xb0, 0x0, 0x1, 0x7b, 0xfc, 0x88, 0x88, 0x88,
    0xaf, 0xe8, 0x50, 0xd, 0xff, 0xff, 0xff, 0xff,
    0xff, 0xff, 0xff, 0xf6, 0x1f, 0xff, 0xff, 0xff,
    0xff, 0xff, 0xff, 0xff, 0xfa, 0x1f, 0xff, 0xff,
    0xff, 0xff, 0xff, 0xff, 0xff, 0xfa, 0x1f, 0xff,
    0xff, 0xff, 0xff, 0xff, 0xff, 0xff, 0xfa, 0x1f,
    0xc0, 0x0, 0x0, 0x0, 0x0, 0x0, 0x3, 0xfa,
    0x1f, 0xc0, 0x0, 0x0, 0x0, 0x0, 0x0, 0x3,
    0xfa, 0x1f, 0xc0, 0x0, 0x0, 0x0, 0x0, 0x0,
    0x3, 0xfa, 0x1f, 0xc0, 0x0, 0x0, 0x0, 0x0,
    0x0, 0x3, 0xfa, 0x1f, 0xc0, 0x0, 0x0, 0xe,
    0xff, 0xfa, 0x3, 0xfa, 0x1f, 0xc0, 0x0, 0x0,
    0xe, 0xff, 0xfa, 0x3, 0xfa, 0x1f, 0xc0, 0x0,
    0x0, 0xe, 0xff, 0xfa, 0x3, 0xfa, 0x1f, 0xc0,
    0x0, 0x0, 0xe, 0xff, 0xfa, 0x3, 0xfa, 0x1f,
    0xc0, 0x0, 0x0, 0x8, 0x88, 0x85, 0x3, 0xfa,
    0x1f, 0xc0, 0x0, 0x0, 0x0, 0x0, 0x0, 0x3,
    0xfa, 0xf, 0xfd, 0xdd, 0xdd, 0xdd, 0xdd, 0xdd,
    0xde, 0xf9, 0x6, 0xff, 0xff, 0xff, 0xff, 0xff,
    0xff, 0xff, 0xc1,

    /* U+F010B "󰄋" */
    0x0, 0x3, 0x66, 0x66, 0x66, 0x66, 0x66, 0x60,
    0x0, 0x0, 0x2f, 0xfe, 0xee, 0xee, 0xee, 0xee,
    0xfb, 0x0, 0x0, 0x8e, 0x0, 0x0, 0x0, 0x0,
    0x0, 0x7f, 0x10, 0x0, 0xe9, 0x0, 0x0, 0x0,
    0x0, 0x0, 0x1f, 0x70, 0x3, 0xf4, 0x0, 0x0,
    0x0, 0x0, 0x0, 0xb, 0xc0, 0x9, 0xe0, 0x0,
    0x0, 0x0, 0x0, 0x0, 0x6, 0xf2, 0xe, 0xff,
    0xff, 0xff, 0xff, 0xff, 0xff, 0xff, 0xf8, 0x1f,
    0xfe, 0xdf, 0xff, 0xff, 0xff, 0xff, 0xdf, 0xfa,
    0x1f, 0xe0, 0xa, 0xff, 0xff, 0xff, 0xf1, 0x6,
    0xfa, 0x1f, 0xe0, 0xa, 0xff, 0xff, 0xff, 0xe1,
    0x5, 0xfa, 0x1f, 0xfd, 0xcf, 0xff, 0xff, 0xff,
    0xfe, 0xbf, 0xfa, 0x1f, 0xff, 0xff, 0xff, 0xff,
    0xff, 0xff, 0xff, 0xfa, 0x1f, 0xff, 0xff, 0xff,
    0xff, 0xff, 0xff, 0xff, 0xfa, 0x1f, 0xfa, 0x0,
    0x0, 0x0, 0x0, 0x0, 0x2f, 0xfa, 0xe, 0xf8,
    0x0, 0x0, 0x0, 0x0, 0x0, 0xe, 0xf8, 0x0,
    0x10, 0x0, 0x0, 0x0, 0x0, 0x0, 0x0, 0x10,

    /* U+F0110 "󰄐" */
    0x22, 0x20, 0x0, 0x0, 0x0, 0x0, 0x0, 0x0,
    0x0, 0xd, 0xff, 0x70, 0x0, 0x0, 0x0, 0x0,
    0x0, 0x0, 0x0, 0x8a, 0xfe, 0x55, 0x55, 0x55,
    0x55, 0x55, 0x55, 0x55, 0x0, 0x9, 0xff, 0xff,
    0xff, 0xff, 0xff, 0xff, 0xff, 0xf6, 0x0, 0x2f,
    0xff, 0xff, 0xff, 0xff, 0xff, 0xff, 0xff, 0x10,
    0x0, 0xaf, 0xff, 0xff, 0xff, 0xff, 0xff, 0xff,
    0x80, 0x0, 0x3, 0xff, 0xff, 0xff, 0xff, 0xff,
    0xff, 0xe0, 0x0, 0x0, 0xb, 0xff, 0xff, 0xff,
    0xff, 0xff, 0xf6, 0x0, 0x0, 0x0, 0x3f, 0xff,
    0xff, 0xff, 0xff, 0xfd, 0x0, 0x0, 0x0, 0x0,
    0xdf, 0xff, 0xff, 0xff, 0xff, 0x40, 0x0, 0x0,
    0x0, 0x3f, 0xfd, 0xdd, 0xdd, 0xdd, 0x70, 0x0,
    0x0, 0x0, 0xc, 0xf4, 0x0, 0x0, 0x0, 0x0,
    0x0, 0x0, 0x0, 0x1, 0xfe, 0x55, 0x55, 0x55,
    0x55, 0x55, 0x30, 0x0, 0x0, 0xd, 0xff, 0xff,
    0xff, 0xff, 0xff, 0xf9, 0x0, 0x0, 0x0, 0x15,
    0x66, 0x66, 0x66, 0x66, 0x66, 0x30, 0x0, 0x0,
    0x4, 0xb7, 0x0, 0x0, 0x0, 0x3a, 0x80, 0x0,
    0x0, 0x1, 0xff, 0xf5, 0x0, 0x0, 0xe, 0xff,
    0x70, 0x0, 0x0, 0x1f, 0xff, 0x50, 0x0, 0x0,
    0xef, 0xf8, 0x0, 0x0, 0x0, 0x6d, 0xa0, 0x0,
    0x0, 0x5, 0xdb, 0x10, 0x0,

    /* U+F011A "󰄚" */
    0x0, 0x0, 0x0, 0x0, 0x0, 0x0, 0x0, 0x14,
    0x20, 0x0, 0x0, 0x0, 0x0, 0x0, 0x0, 0x0,
    0x0, 0x5, 0xff, 0xb3, 0x0, 0x0, 0x0, 0x0,
    0x0, 0x0, 0x0, 0x0, 0x5f, 0xff, 0xf8, 0x0,
    0x0, 0x0, 0x0, 0x0, 0x0, 0x0, 0x5, 0xff,
    0xc4, 0x0, 0x0, 0x0, 0x0, 0x0, 0x0, 0x0,
    0x0, 0x5f, 0x70, 0x0, 0x0, 0x0, 0x0, 0x0,
    0x0, 0x0, 0x0, 0x5, 0xf5, 0x0, 0x0, 0x0,
    0x0, 0x0, 0x0, 0x0, 0x0, 0x0, 0xaf, 0xa0,
    0x0, 0x0, 0x0, 0x0, 0x0, 0x0, 0x0, 0x0,
    0x9f, 0xff, 0x90, 0x0, 0x0, 0x0, 0x0, 0x0,
    0x0, 0x0, 0x9f, 0xff, 0xff, 0x90, 0x0, 0x0,
    0x0, 0x0, 0x0, 0x0, 0x1f, 0xfd, 0xd, 0xff,
    0x10, 0x0, 0x0, 0x0, 0x0, 0x0, 0x1, 0xff,
    0xa0, 0xaf, 0xf1, 0x0, 0x43, 0x0, 0x43, 0x3,
    0x40, 0x1f, 0xfc, 0x4c, 0xff, 0x10, 0x1f, 0xb0,
    0x3f, 0xa0, 0xcf, 0x11, 0xff, 0xff, 0xff, 0xf1,
    0x1, 0xfd, 0x79, 0xfc, 0x7d, 0xf7, 0x7f, 0xff,
    0xff, 0xff, 0x10, 0x1f, 0xff, 0xff, 0xff, 0xff,
    0xff, 0xff, 0xff, 0xff, 0xf1, 0x1, 0xff, 0xff,
    0xfa, 0x7e, 0xff, 0xff, 0xff, 0xff, 0xff, 0x10,
    0x1f, 0xff, 0xfa, 0x0, 0x2f, 0xff, 0xff, 0xff,
    0xff, 0xf1, 0x1, 0xff, 0xff, 0x70, 0x0, 0xff,
    0xff, 0xff, 0xff, 0xff, 0x10, 0x1f, 0xff, 0xf7,
    0x0, 0xf, 0xff, 0xff, 0xff, 0xff, 0xf1, 0x1,
    0xff, 0xff, 0x70, 0x0, 0xff, 0xff, 0xff, 0xff,
    0xff, 0x10,

    /* U+F0139 "󰄹" */
    0x0, 0x0, 0x3, 0x9a, 0xaa, 0xaa, 0xa9, 0x0,
    0x0, 0x0, 0x0, 0x0, 0x1f, 0xff, 0xff, 0xff,
    0xff, 0x0, 0x0, 0x0, 0x0, 0x0, 0x3f, 0xb3,
    0x33, 0x33, 0x32, 0x0, 0xc, 0x60, 0x0, 0x0,
    0x3f, 0xa0, 0x0, 0x0, 0x0, 0x0, 0xcf, 0xc0,
    0x0, 0x0, 0x3f, 0xa0, 0x0, 0x0, 0x0, 0xb,
    0xfc, 0x0, 0xc, 0x90, 0x3f, 0xa0, 0x29, 0x0,
    0x0, 0xaf, 0xd1, 0x0, 0x1f, 0xb0, 0x3f, 0xa0,
    0xbf, 0xa0, 0x9, 0xfd, 0x10, 0x0, 0x1f, 0xb0,
    0x3f, 0xa0, 0x1d, 0xfb, 0x8f, 0xd1, 0x3, 0x40,
    0x1f, 0xb0, 0x3f, 0xa0, 0x1, 0xcf, 0xfe, 0x20,
    0xb, 0xf1, 0x1f, 0xb0, 0x3f, 0xa0, 0x0, 0xc,
    0xe2, 0x0, 0xb, 0xf1, 0x1f, 0xb0, 0x3f, 0xa0,
    0x0, 0x0, 0x20, 0x0, 0xb, 0xf1, 0x1f, 0xb0,
    0x3f, 0xa0, 0x0, 0x0, 0x0, 0x0, 0xb, 0xf1,
    0x1f, 0xb0, 0x3f, 0xa0, 0x0, 0x0, 0x0, 0x0,
    0xb, 0xf1, 0x1f, 0xb0, 0x2f, 0xec, 0xcc, 0xcc,
    0xcc, 0xcc, 0xcf, 0xf0, 0x1f, 0xb0, 0x9, 0xff,
    0xff, 0xff, 0xff, 0xff, 0xff, 0x70, 0x1f, 0xb0,
    0x0, 0x0, 0x0, 0x0, 0x0, 0x0, 0x0, 0x0,
    0x1f, 0xb0, 0x0, 0x0, 0x0, 0x0, 0x0, 0x0,
    0x0, 0x0, 0xf, 0xfd, 0xdd, 0xdd, 0xdd, 0xdd,
    0xdd, 0x0, 0x0, 0x0, 0x6, 0xef, 0xff, 0xff,
    0xff, 0xff, 0xfe, 0x0, 0x0, 0x0,

    /* U+F015F "󰅟" */
    0x0, 0x0, 0x0, 0x0, 0x27, 0x99, 0x72, 0x0,
    0x0, 0x0, 0x0, 0x0, 0x0, 0x0, 0x9, 0xff,
    0xff, 0xff, 0x90, 0x0, 0x0, 0x0, 0x0, 0x0,
    0x0, 0xcf, 0xff, 0xff, 0xff, 0xfb, 0x0, 0x0,
    0x0, 0x0, 0x0, 0x8, 0xff, 0xff, 0xff, 0xff,
    0xff, 0x80, 0x0, 0x0, 0x0, 0x0, 0xf, 0xff,
    0xff, 0xff, 0xff, 0xff, 0xf0, 0x0, 0x0, 0x0,
    0x6, 0xdf, 0xff, 0xff, 0xff, 0xff, 0xff, 0xf4,
    0x0, 0x0, 0x0, 0xaf, 0xff, 0xff, 0xff, 0xff,
    0xff, 0xff, 0xf7, 0x0, 0x0, 0x6, 0xff, 0xff,
    0xff, 0xff, 0xff, 0xff, 0xff, 0xff, 0xe5, 0x0,
    0xd, 0xff, 0xff, 0xff, 0xff, 0xff, 0xff, 0xff,
    0xff, 0xff, 0x40, 0xf, 0xff, 0xff, 0xff, 0xff,
    0xff, 0xff, 0xff, 0xff, 0xff, 0xd0, 0xf, 0xff,
    0xff, 0xff, 0xff, 0xff, 0xff, 0xff, 0xff, 0xff,
    0xf0, 0xd, 0xff, 0xff, 0xff, 0xff, 0xff, 0xff,
    0xff, 0xff, 0xff, 0xf0, 0x6, 0xff, 0xff, 0xff,
    0xff, 0xff, 0xff, 0xff, 0xff, 0xff, 0xc0, 0x0,
    0xaf, 0xff, 0xff, 0xff, 0xff, 0xff, 0xff, 0xff,
    0xff, 0x30, 0x0, 0x6, 0xdf, 0xff, 0xff, 0xff,
    0xff, 0xff, 0xff, 0xb3, 0x0, 0x0, 0x0, 0x0,
    0x0, 0x0, 0x0, 0x0, 0x0, 0x0, 0x0, 0x0,

    /* U+F0176 "󰅶" */
    0x0, 0x3b, 0xbb, 0xbb, 0xbb, 0xbb, 0xbb, 0xbb,
    0xba, 0x40, 0x0, 0x4f, 0xff, 0xff, 0xff, 0xff,
    0xff, 0xff, 0xff, 0xf1, 0x0, 0x4f, 0xff, 0xff,
    0xff, 0xff, 0xff, 0xfa, 0x1a, 0xf3, 0x0, 0x4f,
    0xff, 0xff, 0xff, 0xff, 0xff, 0xf9, 0x9, 0xf3,
    0x0, 0x4f, 0xff, 0xff, 0xff, 0xff, 0xff, 0xf9,
    0x9, 0xf3, 0x0, 0x4f, 0xff, 0xff, 0xff, 0xff,
    0xff, 0xff, 0xdf, 0xf2, 0x0, 0x4f, 0xff, 0xff,
    0xff, 0xff, 0xff, 0xff, 0xfe, 0x70, 0x0, 0x4f,
    0xff, 0xff, 0xff, 0xff, 0xff, 0xf9, 0x0, 0x0,
    0x0, 0x4f, 0xff, 0xff, 0xff, 0xff, 0xff, 0xf9,
    0x0, 0x0, 0x0, 0x4f, 0xff, 0xff, 0xff, 0xff,
    0xff, 0xf9, 0x0, 0x0, 0x0, 0x1f, 0xff, 0xff,
    0xff, 0xff, 0xff, 0xf7, 0x0, 0x0, 0x0, 0xa,
    0xff, 0xff, 0xff, 0xff, 0xff, 0xe1, 0x0, 0x0,
    0x0, 0x0, 0x9f, 0xff, 0xff, 0xff, 0xfc, 0x20,
    0x0, 0x0, 0x0, 0x0, 0x0, 0x11, 0x11, 0x11,
    0x10, 0x0, 0x0, 0x0, 0x0, 0x0, 0x0, 0x0,
    0x0, 0x0, 0x0, 0x0, 0x0, 0x0, 0x1d, 0xdd,
    0xdd, 0xdd, 0xdd, 0xdd, 0xdd, 0xdd, 0xd5, 0x0,
    0x1f, 0xff, 0xff, 0xff, 0xff, 0xff, 0xff, 0xff,
    0xf6, 0x0,

    /* U+F01DA "󰇚" */
    0x0, 0x0, 0x48, 0x88, 0x88, 0x0, 0x0, 0x0,
    0x0, 0x8f, 0xff, 0xff, 0x0, 0x0, 0x0, 0x0,
    0x8f, 0xff, 0xff, 0x0, 0x0, 0x0, 0x0, 0x8f,
    0xff, 0xff, 0x0, 0x0, 0x0, 0x0, 0x8f, 0xff,
    0xff, 0x0, 0x0, 0x0, 0x0, 0x8f, 0xff, 0xff,
    0x0, 0x0, 0xa, 0xff, 0xff, 0xff, 0xff, 0xff,
    0xe2, 0x0, 0xaf, 0xff, 0xff, 0xff, 0xfe, 0x20,
    0x0, 0xa, 0xff, 0xff, 0xff, 0xe2, 0x0, 0x0,
    0x0, 0xaf, 0xff, 0xfe, 0x20, 0x0, 0x0, 0x0,
    0xa, 0xff, 0xe2, 0x0, 0x0, 0x0, 0x0, 0x0,
    0xae, 0x20, 0x0, 0x0, 0x0, 0x0, 0x0, 0x1,
    0x0, 0x0, 0x0, 0x0, 0x0, 0x0, 0x0, 0x0,
    0x0, 0x0, 0x2c, 0xcc, 0xcc, 0xcc, 0xcc, 0xcc,
    0xc7, 0x2f, 0xff, 0xff, 0xff, 0xff, 0xff, 0xf9,
    0x0, 0x0, 0x0, 0x0, 0x0, 0x0, 0x0,

    /* U+F01EE "󰇮" */
    0x2, 0x9a, 0xaa, 0xaa, 0xaa, 0xaa, 0xaa, 0xaa,
    0xa9, 0x20, 0xe, 0xff, 0xff, 0xff, 0xff, 0xff,
    0xff, 0xff, 0xff, 0xe0, 0x1f, 0xcb, 0xff, 0xff,
    0xff, 0xff, 0xff, 0xff, 0xac, 0xf1, 0x1f, 0xb0,
    0x5e, 0xff, 0xff, 0xff, 0xff, 0xe5, 0xb, 0xf1,
    0x1f, 0xf7, 0x0, 0x9f, 0xff, 0xff, 0xf9, 0x0,
    0x7f, 0xf1, 0x1f, 0xff, 0xd3, 0x3, 0xdf, 0xfd,
    0x30, 0x3d, 0xff, 0xf1, 0x1f, 0xff, 0xff, 0x90,
    0x7, 0x70, 0x9, 0xff, 0xff, 0xf1, 0x1f, 0xff,
    0xff, 0xfe, 0x50, 0x5, 0xef, 0xff, 0xff, 0xf1,
    0x1f, 0xff, 0xff, 0xff, 0xfb, 0xbf, 0xff, 0xff,
    0xff, 0xf1, 0x1f, 0xff, 0xff, 0xff, 0xff, 0xff,
    0xff, 0xff, 0xff, 0xf1, 0x1f, 0xff, 0xff, 0xff,
    0xff, 0xff, 0xff, 0xff, 0xff, 0xf1, 0x1f, 0xff,
    0xff, 0xff, 0xff, 0xff, 0xff, 0xff, 0xff, 0xf1,
    0x1f, 0xff, 0xff, 0xff, 0xff, 0xff, 0xff, 0xff,
    0xff, 0xf1, 0xf, 0xff, 0xff, 0xff, 0xff, 0xff,
    0xff, 0xff, 0xff, 0xf0, 0x7, 0xff, 0xff, 0xff,
    0xff, 0xff, 0xff, 0xff, 0xff, 0x70, 0x0, 0x0,
    0x0, 0x0, 0x0, 0x0, 0x0, 0x0, 0x0, 0x0,

    /* U+F0208 "󰈈" */
    0x0, 0x0, 0x0, 0x0, 0x0, 0x11, 0x0, 0x0,
    0x0, 0x0, 0x0, 0x0, 0x0, 0x0, 0x28, 0xcf,
    0xff, 0xfc, 0x82, 0x0, 0x0, 0x0, 0x0, 0x0,
    0x19, 0xff, 0xff, 0xff, 0xff, 0xff, 0x90, 0x0,
    0x0, 0x0, 0x2, 0xdf, 0xff, 0xd6, 0x33, 0x7e,
    0xff, 0xfd, 0x20, 0x0, 0x0, 0x2e, 0xff, 0xfb,
    0x0, 0x0, 0x0, 0xbf, 0xff, 0xe2, 0x0, 0x0,
    0xdf, 0xff, 0xe1, 0x8, 0xee, 0x70, 0x1f, 0xff,
    0xfc, 0x0, 0x8, 0xff, 0xff, 0x90, 0x6f, 0xff,
    0xf6, 0x9, 0xff, 0xff, 0x70, 0xe, 0xff, 0xff,
    0x60, 0xbf, 0xff, 0xfa, 0x7, 0xff, 0xff, 0xe0,
    0xb, 0xff, 0xff, 0x80, 0x9f, 0xff, 0xf9, 0x8,
    0xff, 0xff, 0xb0, 0x3, 0xff, 0xff, 0xd0, 0x2e,
    0xff, 0xe2, 0xd, 0xff, 0xff, 0x20, 0x0, 0x6f,
    0xff, 0xf7, 0x1, 0x66, 0x10, 0x8f, 0xff, 0xf6,
    0x0, 0x0, 0x7, 0xff, 0xff, 0xa2, 0x0, 0x2a,
    0xff, 0xff, 0x70, 0x0, 0x0, 0x0, 0x4e, 0xff,
    0xff, 0xee, 0xff, 0xff, 0xe4, 0x0, 0x0, 0x0,
    0x0, 0x0, 0x7d, 0xff, 0xff, 0xff, 0xd7, 0x0,
    0x0, 0x0, 0x0, 0x0, 0x0, 0x0, 0x25, 0x66,
    0x41, 0x0, 0x0, 0x0, 0x0,

    /* U+F020C "󰈌" */
    0x0, 0x0, 0x0, 0x1, 0x46, 0x64, 0x10, 0x0,
    0x0, 0x0, 0x0, 0x0, 0x3, 0xbf, 0xff, 0xff,
    0xfa, 0x30, 0x0, 0x0, 0x0, 0x0, 0x7f, 0xff,
    0xff, 0xff, 0xff, 0xf6, 0x0, 0x0, 0x0, 0xa,
    0xff, 0xff, 0xff, 0xff, 0xff, 0xff, 0x80, 0x0,
    0x0, 0x6f, 0xff, 0xff, 0xff, 0x73, 0x34, 0xff,
    0xf5, 0x0, 0x1, 0xff, 0xff, 0xff, 0xf4, 0x0,
    0x0, 0xff, 0xff, 0x10, 0x8, 0xff, 0xff, 0xff,
    0xc0, 0x0, 0x12, 0xff, 0xff, 0x70, 0xd, 0xff,
    0xff, 0xff, 0xa0, 0x6, 0xff, 0xff, 0xff, 0xc0,
    0xf, 0xff, 0xff, 0xff, 0x90, 0xa, 0xff, 0xff,
    0xff, 0xf0, 0x2f, 0xff, 0xff, 0xff, 0x80, 0xa,
    0xff, 0xff, 0xff, 0xf0, 0x1f, 0xff, 0xff, 0x40,
    0x0, 0x0, 0x2, 0xff, 0xff, 0xf0, 0xf, 0xff,
    0xff, 0x40, 0x0, 0x0, 0x5, 0xff, 0xff, 0xe0,
    0xc, 0xff, 0xff, 0x86, 0x30, 0x4, 0x6a, 0xff,
    0xff, 0xa0, 0x6, 0xff, 0xff, 0xff, 0x90, 0xa,
    0xff, 0xff, 0xff, 0x40, 0x0, 0xdf, 0xff, 0xff,
    0x90, 0xa, 0xff, 0xff, 0xfc, 0x0, 0x0, 0x3f,
    0xff, 0xff, 0x90, 0xa, 0xff, 0xff, 0xf2, 0x0,
    0x0, 0x5, 0xff, 0xff, 0x90, 0xa, 0xff, 0xff,
    0x40, 0x0, 0x0, 0x0, 0x4e, 0xff, 0x90, 0xa,
    0xff, 0xd3, 0x0, 0x0, 0x0, 0x0, 0x0, 0x6b,
    0x80, 0x9, 0xb6, 0x0, 0x0, 0x0, 0x0, 0x0,
    0x0, 0x0, 0x0, 0x0, 0x0, 0x0, 0x0, 0x0,

    /* U+F020E "󰈎" */
    0x0, 0x0, 0x0, 0x4, 0x79, 0x97, 0x40, 0x0,
    0x0, 0x0, 0x0, 0x0, 0x8, 0xef, 0xff, 0xff,
    0xfe, 0x80, 0x0, 0x0, 0x0, 0x2, 0xcf, 0xff,
    0xff, 0xff, 0xff, 0xfc, 0x20, 0x0, 0x0, 0x1e,
    0xff, 0xff, 0xff, 0xff, 0xff, 0xff, 0xe1, 0x0,
    0x0, 0xcf, 0xff, 0xff, 0xff, 0xff, 0xff, 0xff,
    0xfc, 0x0, 0x5, 0xff, 0xff, 0xff, 0xff, 0xff,
    0xff, 0xff, 0xff, 0x50, 0xb, 0xff, 0xff, 0xff,
    0xff, 0xff, 0xff, 0xdc, 0xff, 0xb0, 0xf, 0xff,
    0xff, 0xf5, 0x7, 0xff, 0xfa, 0xa, 0xff, 0xf0,
    0x1f, 0xff, 0xff, 0xa0, 0x0, 0x3d, 0x70, 0x4f,
    0xff, 0xf1, 0x2f, 0xff, 0xfe, 0x10, 0x0, 0x0,
    0x0, 0xef, 0xff, 0xf2, 0xf, 0xff, 0xf5, 0x5,
    0xc2, 0x0, 0x9, 0xff, 0xff, 0xf0, 0xd, 0xff,
    0xb0, 0x9f, 0xff, 0x60, 0x4f, 0xff, 0xff, 0xd0,
    0x8, 0xff, 0xbc, 0xff, 0xff, 0xfe, 0xff, 0xff,
    0xff, 0x80, 0x1, 0xff, 0xff, 0xff, 0xff, 0xff,
    0xff, 0xff, 0xff, 0x20, 0x0, 0x7f, 0xff, 0xff,
    0xff, 0xff, 0xff, 0xff, 0xf6, 0x0, 0x0, 0x9,
    0xff, 0xff, 0xff, 0xff, 0xff, 0xff, 0x90, 0x0,
    0x0, 0x1, 0xff, 0xff, 0xff, 0xff, 0xff, 0xf6,
    0x0, 0x0, 0x0, 0x0, 0xff, 0xfd, 0xff, 0xff,
    0xd8, 0x10, 0x0, 0x0, 0x0, 0x0, 0x97, 0x0,
    0x2, 0x20, 0x0, 0x0, 0x0, 0x0,

    /* U+F0241 "󰉁" */
    0x12, 0x22, 0x22, 0x22, 0x21, 0x9f, 0xff, 0xff,
    0xff, 0xf3, 0x9f, 0xff, 0xff, 0xff, 0xb0, 0x9f,
    0xff, 0xff, 0xff, 0x30, 0x9f, 0xff, 0xff, 0xfb,
    0x0, 0x9f, 0xff, 0xff, 0xf3, 0x0, 0x9f, 0xff,
    0xff, 0xb0, 0x0, 0x9f, 0xff, 0xff, 0x30, 0x0,
    0x9f, 0xff, 0xff, 0xdd, 0xd4, 0x9f, 0xff, 0xff,
    0xff, 0xc0, 0x8d, 0xdf, 0xff, 0xff, 0x30, 0x0,
    0xd, 0xff, 0xf9, 0x0, 0x0, 0xd, 0xff, 0xf1,
    0x0, 0x0, 0xd, 0xff, 0x70, 0x0, 0x0, 0xd,
    0xfd, 0x0, 0x0, 0x0, 0xd, 0xf4, 0x0, 0x0,
    0x0, 0xd, 0xb0, 0x0, 0x0, 0x0, 0xd, 0x20,
    0x0, 0x0, 0x0, 0x5, 0x0, 0x0, 0x0, 0x0,
    0x0, 0x0, 0x0, 0x0,

    /* U+F0297 "󰊗" */
    0x0, 0x0, 0x5a, 0xbc, 0xcc, 0xcc, 0xcc, 0xcb,
    0xa6, 0x0, 0x0, 0x0, 0x2d, 0xff, 0xff, 0xff,
    0xff, 0xff, 0xff, 0xff, 0xd2, 0x0, 0x1, 0xef,
    0xff, 0xff, 0xff, 0xff, 0xff, 0xff, 0xff, 0xfe,
    0x10, 0x9, 0xff, 0xf8, 0x9, 0xff, 0xff, 0xff,
    0xfe, 0x22, 0xef, 0x90, 0xe, 0xff, 0xd6, 0x7,
    0xdf, 0xff, 0xff, 0xfb, 0x0, 0xbf, 0xf0, 0xf,
    0xfa, 0x0, 0x0, 0xc, 0xff, 0xfe, 0xdf, 0x88,
    0xff, 0xf1, 0xf, 0xfd, 0x73, 0x4, 0x7d, 0xff,
    0xf1, 0x9, 0xff, 0xff, 0xf0, 0xb, 0xff, 0xf8,
    0x9, 0xff, 0xff, 0xf1, 0x8, 0xff, 0xff, 0xc0,
    0x4, 0xff, 0xfc, 0x9d, 0xff, 0xff, 0xfd, 0xaf,
    0xff, 0xff, 0x40, 0x0, 0x7f, 0xff, 0xff, 0xff,
    0x97, 0xff, 0xff, 0xff, 0xf7, 0x0, 0x0, 0x4,
    0xbf, 0xff, 0xc4, 0x0, 0x3b, 0xff, 0xfc, 0x40,
    0x0, 0x0, 0x0, 0x0, 0x10, 0x0, 0x0, 0x0,
    0x1, 0x0, 0x0, 0x0,

    /* U+F02A4 "󰊤" */
    0x0, 0x0, 0x0, 0x0, 0x45, 0x54, 0x0, 0x0,
    0x0, 0x0, 0x0, 0x0, 0x3, 0xbf, 0xff, 0xff,
    0xfb, 0x30, 0x0, 0x0, 0x0, 0x0, 0x8f, 0xff,
    0xff, 0xff, 0xff, 0xf8, 0x0, 0x0, 0x0, 0xa,
    0xff, 0xff, 0xff, 0xff, 0xff, 0xff, 0xa0, 0x0,
    0x0, 0x7f, 0xf7, 0xaf, 0xff, 0xff, 0xfa, 0x7f,
    0xf7, 0x0, 0x1, 0xff, 0xf0, 0x2, 0x20, 0x2,
    0x20, 0xf, 0xff, 0x10, 0x8, 0xff, 0xf0, 0x0,
    0x0, 0x0, 0x0, 0xf, 0xff, 0x80, 0xd, 0xff,
    0xa0, 0x0, 0x0, 0x0, 0x0, 0xa, 0xff, 0xd0,
    0xf, 0xff, 0x40, 0x0, 0x0, 0x0, 0x0, 0x4,
    0xff, 0xf0, 0x2f, 0xff, 0x20, 0x0, 0x0, 0x0,
    0x0, 0x2, 0xff, 0xf2, 0x1f, 0xff, 0x40, 0x0,
    0x0, 0x0, 0x0, 0x4, 0xff, 0xf1, 0xf, 0xff,
    0x90, 0x0, 0x0, 0x0, 0x0, 0x9, 0xff, 0xf0,
    0xb, 0xff, 0xf4, 0x0, 0x0, 0x0, 0x0, 0x4f,
    0xff, 0xb0, 0x5, 0xfa, 0xaf, 0xb6, 0x10, 0x1,
    0x6b, 0xff, 0xff, 0x50, 0x0, 0xcf, 0x3b, 0xfe,
    0x0, 0x0, 0xef, 0xff, 0xfc, 0x0, 0x0, 0x2f,
    0xc0, 0x31, 0x0, 0x0, 0xbf, 0xff, 0xf2, 0x0,
    0x0, 0x3, 0xec, 0x75, 0x0, 0x0, 0xbf, 0xfe,
    0x30, 0x0, 0x0, 0x0, 0x2b, 0xfb, 0x0, 0x0,
    0xbf, 0xb2, 0x0, 0x0, 0x0, 0x0, 0x0, 0x34,
    0x0, 0x0, 0x43, 0x0, 0x0, 0x0,

    /* U+F02A6 "󰊦" */
    0x0, 0x0, 0x2a, 0xaa, 0xaa, 0xaa, 0xaa, 0xaa,
    0xa6, 0x0, 0x0, 0x1d, 0xff, 0xff, 0xff, 0xff,
    0xff, 0xf6, 0x0, 0x0, 0x4, 0xfa, 0x33, 0x33,
    0x33, 0x4f, 0xc0, 0x0, 0x0, 0x4, 0xf8, 0x0,
    0x0, 0x0, 0x1f, 0xb0, 0x3, 0xbc, 0xcd, 0xf8,
    0x0, 0x0, 0x0, 0x1f, 0xb0, 0xe, 0xff, 0xff,
    0xfe, 0xcc, 0xcc, 0xcc, 0xdf, 0xb0, 0x1f, 0xc2,
    0x25, 0xff, 0xff, 0xff, 0xff, 0xff, 0xb0, 0x1f,
    0xc0, 0x4, 0xff, 0xff, 0xff, 0xff, 0xff, 0xb0,
    0x1f, 0xc0, 0x4, 0xff, 0xff, 0xff, 0xff, 0xff,
    0xb0, 0x1f, 0xc0, 0x4, 0xff, 0xff, 0xff, 0xff,
    0xff, 0xb0, 0x1f, 0xc0, 0x4, 0xff, 0xff, 0xff,
    0xff, 0xff, 0xb0, 0x1f, 0xc0, 0x4, 0xff, 0xff,
    0xff, 0xff, 0xff, 0xb0, 0x1f, 0xd2, 0x4, 0xff,
    0xff, 0xff, 0xff, 0xff, 0xb0, 0xb, 0xff, 0xb7,
    0xff, 0xff, 0xff, 0xff, 0xff, 0xb0, 0x0, 0x6d,
    0xff, 0xff, 0xff, 0xff, 0xff, 0xff, 0xb0, 0x0,
    0x0, 0x4c, 0xff, 0xff, 0xff, 0xff, 0xff, 0xb0,
    0x0, 0x0, 0x4, 0xff, 0xff, 0xff, 0xff, 0xff,
    0xb0, 0x0, 0x0, 0xa, 0xff, 0xff, 0xff, 0xff,
    0xff, 0xe2, 0x0, 0x0, 0x3f, 0xff, 0xff, 0xff,
    0xff, 0xff, 0xf9,

    /* U+F02AB "󰊫" */
    0x4, 0xbc, 0xcc, 0xcc, 0xcc, 0xcc, 0xcc, 0xcc,
    0xcb, 0x40, 0xe, 0xff, 0xff, 0xff, 0xff, 0xff,
    0xff, 0xff, 0xff, 0xe0, 0x1f, 0xb0, 0x5e, 0xff,
    0xff, 0xff, 0xff, 0xf9, 0x1b, 0xf1, 0x1f, 0xb0,
    0x1, 0xaf, 0xff, 0xff, 0xfe, 0x40, 0xb, 0xf1,
    0x1f, 0xb0, 0x0, 0x4, 0xdf, 0xff, 0x90, 0x0,
    0xb, 0xf1, 0x1f, 0xb0, 0x28, 0x0, 0x8, 0xd3,
    0x0, 0x28, 0xb, 0xf1, 0x1f, 0xb0, 0x3f, 0xd3,
    0x0, 0x0, 0x7, 0xfc, 0xb, 0xf1, 0x1f, 0xb0,
    0x3f, 0xff, 0x90, 0x3, 0xdf, 0xfc, 0xb, 0xf1,
    0x1f, 0xb0, 0x3f, 0xff, 0xfe, 0xaf, 0xff, 0xfc,
    0xb, 0xf1, 0x1f, 0xb0, 0x3f, 0xff, 0xff, 0xff,
    0xff, 0xfc, 0xb, 0xf1, 0x1f, 0xb0, 0x3f, 0xff,
    0xff, 0xff, 0xff, 0xfc, 0xb, 0xf1, 0x1f, 0xb0,
    0x3f, 0xff, 0xff, 0xff, 0xff, 0xfc, 0xb, 0xf1,
    0x1f, 0xb0, 0x3f, 0xff, 0xff, 0xff, 0xff, 0xfc,
    0xb, 0xf1, 0xf, 0xfc, 0xdf, 0xff, 0xff, 0xff,
    0xff, 0xff, 0xcf, 0xf0, 0x7, 0xff, 0xff, 0xff,
    0xff, 0xff, 0xff, 0xff, 0xff, 0x70, 0x0, 0x0,
    0x0, 0x0, 0x0, 0x0, 0x0, 0x0, 0x0, 0x0,

    /* U+F02BB "󰊻" */
    0x0, 0x0, 0x0, 0x0, 0x7, 0xb8, 0x10, 0x0,
    0x0, 0x0, 0x0, 0x0, 0x0, 0x0, 0x9d, 0x7c,
    0xc0, 0x0, 0x20, 0x0, 0x0, 0x0, 0x0, 0x0,
    0xf2, 0x0, 0xf2, 0xc, 0xff, 0x40, 0x0, 0x0,
    0x0, 0x0, 0xf3, 0x2, 0xf1, 0x4d, 0x8, 0xb0,
    0x1e, 0xff, 0xff, 0xff, 0xff, 0xbe, 0x80, 0x2f,
    0x9d, 0x80, 0x2f, 0xf8, 0x88, 0x89, 0xff, 0x63,
    0x0, 0x3, 0x86, 0x0, 0x2f, 0xf2, 0x10, 0x13,
    0xff, 0xdd, 0xdd, 0xdd, 0xdd, 0xc1, 0x2f, 0xff,
    0xb0, 0xdf, 0xff, 0x44, 0x44, 0xf6, 0x44, 0xd5,
    0x2f, 0xff, 0xb0, 0xdf, 0xff, 0x0, 0x0, 0xf3,
    0x0, 0xc5, 0x2f, 0xff, 0xb0, 0xdf, 0xff, 0x0,
    0x0, 0xf3, 0x0, 0xc5, 0x2f, 0xff, 0xb0, 0xdf,
    0xff, 0x0, 0x0, 0xf3, 0x0, 0xc5, 0x2f, 0xff,
    0xd7, 0xef, 0xff, 0x0, 0x0, 0xf3, 0x0, 0xd4,
    0x1f, 0xff, 0xff, 0xff, 0xfe, 0x0, 0x0, 0xf4,
    0x4, 0xf1, 0x1, 0x33, 0x33, 0xe7, 0x31, 0x0,
    0x1, 0xff, 0xef, 0x50, 0x0, 0x0, 0x0, 0x9c,
    0x0, 0x0, 0x9, 0xc1, 0x30, 0x0, 0x0, 0x0,
    0x0, 0xd, 0xa2, 0x0, 0x8f, 0x30, 0x0, 0x0,
    0x0, 0x0, 0x0, 0x1, 0xaf, 0xff, 0xc3, 0x0,
    0x0, 0x0, 0x0, 0x0, 0x0, 0x0, 0x1, 0x31,
    0x0, 0x0, 0x0, 0x0,

    /* U+F02DC "󰋜" */
    0x0, 0x0, 0x0, 0x0, 0x2, 0x20, 0x0, 0x0,
    0x0, 0x0, 0x0, 0x0, 0x0, 0x0, 0x3e, 0xe3,
    0x0, 0x0, 0x0, 0x0, 0x0, 0x0, 0x0, 0x4,
    0xff, 0xff, 0x40, 0x0, 0x0, 0x0, 0x0, 0x0,
    0x0, 0x5f, 0xff, 0xff, 0xf5, 0x0, 0x0, 0x0,
    0x0, 0x0, 0x7, 0xff, 0xff, 0xff, 0xff, 0x70,
    0x0, 0x0, 0x0, 0x0, 0x9f, 0xff, 0xff, 0xff,
    0xff, 0xf9, 0x0, 0x0, 0x0, 0xa, 0xff, 0xff,
    0xff, 0xff, 0xff, 0xff, 0xa0, 0x0, 0x1, 0xcf,
    0xff, 0xff, 0xff, 0xff, 0xff, 0xff, 0xfc, 0x10,
    0x9, 0xbd, 0xff, 0xff, 0xff, 0xff, 0xff, 0xff,
    0xdb, 0x90, 0x0, 0x7, 0xff, 0xff, 0xff, 0xff,
    0xff, 0xff, 0x70, 0x0, 0x0, 0x7, 0xff, 0xff,
    0xa9, 0x9a, 0xff, 0xff, 0x70, 0x0, 0x0, 0x7,
    0xff, 0xff, 0x10, 0x1, 0xff, 0xff, 0x70, 0x0,
    0x0, 0x7, 0xff, 0xff, 0x10, 0x1, 0xff, 0xff,
    0x70, 0x0, 0x0, 0x7, 0xff, 0xff, 0x10, 0x1,
    0xff, 0xff, 0x70, 0x0, 0x0, 0x7, 0xff, 0xff,
    0x10, 0x1, 0xff, 0xff, 0x70, 0x0, 0x0, 0x7,
    0xff, 0xff, 0x10, 0x1, 0xff, 0xff, 0x70, 0x0,
    0x0, 0x0, 0x11, 0x11, 0x0, 0x0, 0x11, 0x11,
    0x0, 0x0,

    /* U+F02E9 "󰋩" */
    0x1, 0x77, 0x77, 0x77, 0x77, 0x77, 0x77, 0x77,
    0x30, 0xd, 0xff, 0xff, 0xff, 0xff, 0xff, 0xff,
    0xff, 0xf2, 0x1f, 0xff, 0xff, 0xff, 0xff, 0xff,
    0xff, 0xff, 0xf6, 0x1f, 0xff, 0xff, 0xff, 0xff,
    0xff, 0xff, 0xff, 0xf6, 0x1f, 0xff, 0xff, 0xff,
    0xff, 0xff, 0xff, 0xff, 0xf6, 0x1f, 0xff, 0xff,
    0xff, 0xff, 0xff, 0xff, 0xff, 0xf6, 0x1f, 0xff,
    0xff, 0xff, 0xff, 0xff, 0xff, 0xff, 0xf6, 0x1f,
    0xff, 0xff, 0xff, 0xff, 0xff, 0xff, 0xff, 0xf6,
    0x1f, 0xff, 0xff, 0xff, 0xff, 0xff, 0xff, 0xff,
    0xf6, 0x1f, 0xff, 0xff, 0xff, 0xff, 0xd2, 0xef,
    0xff, 0xf6, 0x1f, 0xff, 0xfa, 0xbf, 0xff, 0x20,
    0x4f, 0xff, 0xf6, 0x1f, 0xff, 0xd0, 0xd, 0xf5,
    0x0, 0x7, 0xff, 0xf6, 0x1f, 0xff, 0x20, 0x2,
    0x70, 0x0, 0x0, 0xbf, 0xf6, 0x1f, 0xf5, 0x0,
    0x0, 0x0, 0x0, 0x0, 0x1e, 0xf6, 0x1f, 0xfb,
    0xbb, 0xbb, 0xbb, 0xbb, 0xbb, 0xbe, 0xf6, 0xf,
    0xff, 0xff, 0xff, 0xff, 0xff, 0xff, 0xff, 0xf5,
    0x6, 0xff, 0xff, 0xff, 0xff, 0xff, 0xff, 0xff,
    0xb0,

    /* U+F02FE "󰋾" */
    0x0, 0x0, 0x48, 0x9a, 0xaa, 0xaa, 0xa9, 0x84,
    0x0, 0x0, 0x0, 0x2d, 0xff, 0xff, 0xff, 0xff,
    0xff, 0xff, 0xd2, 0x0, 0x1, 0xef, 0xa4, 0x33,
    0x33, 0x33, 0x33, 0x49, 0xfe, 0x10, 0x8, 0xf7,
    0x0, 0x0, 0x0, 0x0, 0x0, 0x31, 0x7f, 0x80,
    0xe, 0xe0, 0x0, 0x0, 0x0, 0x0, 0x2, 0xfd,
    0xe, 0xe0, 0xf, 0xc0, 0x0, 0x1, 0x8c, 0xc9,
    0x21, 0xeb, 0xc, 0xf0, 0x1f, 0xb0, 0x0, 0x4f,
    0xff, 0xff, 0xf5, 0x0, 0xb, 0xf1, 0x1f, 0xb0,
    0x1, 0xef, 0x71, 0x17, 0xff, 0x10, 0xb, 0xf1,
    0x1f, 0xb0, 0x6, 0xf8, 0x0, 0x0, 0x7f, 0x70,
    0xb, 0xf1, 0x1f, 0xb0, 0x9, 0xf4, 0x0, 0x0,
    0x3f, 0xa0, 0xb, 0xf1, 0x1f, 0xb0, 0x7, 0xf6,
    0x0, 0x0, 0x5f, 0x80, 0xb, 0xf1, 0x1f, 0xb0,
    0x2, 0xfe, 0x30, 0x2, 0xef, 0x30, 0xb, 0xf1,
    0x1f, 0xb0, 0x0, 0x7f, 0xfc, 0xcf, 0xf8, 0x0,
    0xb, 0xf1, 0x1f, 0xb0, 0x0, 0x5, 0xdf, 0xfd,
    0x60, 0x0, 0xb, 0xf1, 0xf, 0xd0, 0x0, 0x0,
    0x1, 0x10, 0x0, 0x0, 0xd, 0xf0, 0xb, 0xf4,
    0x0, 0x0, 0x0, 0x0, 0x0, 0x0, 0x4f, 0xa0,
    0x3, 0xfe, 0x40, 0x0, 0x0, 0x0, 0x0, 0x4,
    0xef, 0x30, 0x0, 0x6f, 0xff, 0xdd, 0xdd, 0xdd,
    0xdd, 0xff, 0xf6, 0x0, 0x0, 0x2, 0xad, 0xff,
    0xff, 0xff, 0xff, 0xda, 0x20, 0x0,

    /* U+F0335 "󰌵" */
    0x0, 0x0, 0x5, 0x89, 0x62, 0x0, 0x0, 0x0,
    0x6, 0xff, 0xff, 0xff, 0xa0, 0x0, 0x0, 0x8f,
    0xff, 0xff, 0xff, 0xfd, 0x0, 0x4, 0xff, 0xff,
    0xff, 0xff, 0xff, 0xa0, 0xc, 0xff, 0xff, 0xff,
    0xff, 0xff, 0xf1, 0x1f, 0xff, 0xff, 0xff, 0xff,
    0xff, 0xf6, 0x3f, 0xff, 0xff, 0xff, 0xff, 0xff,
    0xf8, 0x2f, 0xff, 0xff, 0xff, 0xff, 0xff, 0xf7,
    0xf, 0xff, 0xff, 0xff, 0xff, 0xff, 0xf5, 0x9,
    0xff, 0xff, 0xff, 0xff, 0xff, 0xe0, 0x1, 0xef,
    0xff, 0xff, 0xff, 0xff, 0x50, 0x0, 0x3e, 0xff,
    0xff, 0xff, 0xf7, 0x0, 0x0, 0x7, 0xff, 0xff,
    0xff, 0xd0, 0x0, 0x0, 0x7, 0xff, 0xff, 0xff,
    0xd0, 0x0, 0x0, 0x5, 0xff, 0xff, 0xff, 0xa0,
    0x0, 0x0, 0x0, 0x0, 0x0, 0x0, 0x0, 0x0,
    0x0, 0x0, 0x0, 0x0, 0x0, 0x0, 0x0, 0x0,
    0x0, 0x7d, 0xdd, 0xdc, 0x0, 0x0, 0x0, 0x0,
    0x5e, 0xff, 0xfa, 0x0, 0x0,

    /* U+F033B "󰌻" */
    0x0, 0x34, 0x44, 0x44, 0x44, 0x44, 0x44, 0x44,
    0x0, 0xb, 0xff, 0xff, 0xff, 0xff, 0xff, 0xff,
    0xff, 0xe1, 0x1f, 0xff, 0xcf, 0xff, 0xff, 0xff,
    0xff, 0xff, 0xf5, 0x1f, 0xf2, 0x4, 0xff, 0xff,
    0xff, 0xff, 0xff, 0xf5, 0x1f, 0xf0, 0x1, 0xff,
    0xff, 0xff, 0xff, 0xff, 0xf5, 0x1f, 0xfb, 0x6c,
    0xff, 0xff, 0xff, 0xff, 0xff, 0xf5, 0x1f, 0xff,
    0xff, 0xff, 0xff, 0xff, 0xff, 0xff, 0xf5, 0x1f,
    0xf3, 0x1, 0xfa, 0x0, 0x92, 0x27, 0xff, 0xf5,
    0x1f, 0xf3, 0x1, 0xfa, 0x0, 0x0, 0x0, 0x6f,
    0xf5, 0x1f, 0xf3, 0x1, 0xfa, 0x0, 0xbf, 0x40,
    0xf, 0xf5, 0x1f, 0xf3, 0x1, 0xfa, 0x0, 0xff,
    0x80, 0xe, 0xf5, 0x1f, 0xf3, 0x1, 0xfa, 0x0,
    0xff, 0x80, 0xe, 0xf5, 0x1f, 0xf3, 0x1, 0xfa,
    0x0, 0xff, 0x80, 0xe, 0xf5, 0x1f, 0xf3, 0x1,
    0xfa, 0x0, 0xff, 0x80, 0xe, 0xf5, 0x1f, 0xf6,
    0x45, 0xfb, 0x44, 0xff, 0xa4, 0x4f, 0xf5, 0xf,
    0xff, 0xff, 0xff, 0xff, 0xff, 0xff, 0xff, 0xf4,
    0x7, 0xff, 0xff, 0xff, 0xff, 0xff, 0xff, 0xff,
    0xa0,

    /* U+F033E "󰌾" */
    0x0, 0x0, 0x0, 0x1, 0x10, 0x0, 0x0, 0x0,
    0x0, 0x0, 0x6, 0xdf, 0xfd, 0x60, 0x0, 0x0,
    0x0, 0x0, 0x9f, 0xfc, 0xcf, 0xf9, 0x0, 0x0,
    0x0, 0x3, 0xfe, 0x20, 0x2, 0xef, 0x30, 0x0,
    0x0, 0x8, 0xf5, 0x0, 0x0, 0x5f, 0x80, 0x0,
    0x0, 0xa, 0xf2, 0x0, 0x0, 0x2f, 0xa0, 0x0,
    0x0, 0xa, 0xf2, 0x0, 0x0, 0x2f, 0xa0, 0x0,
    0x9, 0xef, 0xfe, 0xee, 0xee, 0xef, 0xfe, 0x90,
    0x5f, 0xff, 0xff, 0xff, 0xff, 0xff, 0xff, 0xf5,
    0x6f, 0xff, 0xff, 0xff, 0xff, 0xff, 0xff, 0xf6,
    0x6f, 0xff, 0xff, 0xff, 0xff, 0xff, 0xff, 0xf6,
    0x6f, 0xff, 0xff, 0xfc, 0xcf, 0xff, 0xff, 0xf6,
    0x6f, 0xff, 0xff, 0x70, 0x7, 0xff, 0xff, 0xf6,
    0x6f, 0xff, 0xff, 0x20, 0x2, 0xff, 0xff, 0xf6,
    0x6f, 0xff, 0xff, 0x60, 0x6, 0xff, 0xff, 0xf6,
    0x6f, 0xff, 0xff, 0xfb, 0xbf, 0xff, 0xff, 0xf6,
    0x6f, 0xff, 0xff, 0xff, 0xff, 0xff, 0xff, 0xf6,
    0x6f, 0xff, 0xff, 0xff, 0xff, 0xff, 0xff, 0xf6,
    0x5f, 0xff, 0xff, 0xff, 0xff, 0xff, 0xff, 0xf5,
    0xa, 0xef, 0xff, 0xff, 0xff, 0xff, 0xfe, 0xa0,

    /* U+F034E "󰍎" */
    0x0, 0x0, 0x1, 0x33, 0x10, 0x0, 0x0, 0x0,
    0x3, 0xbf, 0xff, 0xfb, 0x30, 0x0, 0x0, 0x5f,
    0xff, 0xff, 0xff, 0xf5, 0x0, 0x3, 0xff, 0xff,
    0xff, 0xff, 0xff, 0x30, 0xc, 0xff, 0xff, 0xff,
    0xff, 0xff, 0xb0, 0x2f, 0xff, 0xf8, 0x0, 0x8f,
    0xff, 0xf1, 0x4f, 0xff, 0xe0, 0x0, 0xe, 0xff,
    0xf4, 0x4f, 0xff, 0xd0, 0x0, 0xd, 0xff, 0xf4,
    0x2f, 0xff, 0xf4, 0x0, 0x4f, 0xff, 0xf2, 0xe,
    0xff, 0xff, 0xaa, 0xff, 0xff, 0xe0, 0x8, 0xff,
    0xff, 0xff, 0xff, 0xff, 0x90, 0x2, 0xff, 0xff,
    0xff, 0xff, 0xff, 0x20, 0x0, 0x9f, 0xff, 0xff,
    0xff, 0xfa, 0x0, 0x0, 0x1f, 0xff, 0xff, 0xff,
    0xf1, 0x0, 0x0, 0x7, 0xff, 0xff, 0xff, 0x70,
    0x0, 0x0, 0x0, 0xbf, 0xff, 0xfb, 0x0, 0x0,
    0x0, 0x0, 0x1e, 0xff, 0xe1, 0x0, 0x0, 0x0,
    0x0, 0x4, 0xff, 0x40, 0x0, 0x0, 0x0, 0x0,
    0x0, 0x77, 0x0, 0x0, 0x0, 0x0, 0x0, 0x0,
    0x0, 0x0, 0x0, 0x0,

    /* U+F0361 "󰍡" */
    0x2, 0x99, 0x99, 0x99, 0x99, 0x99, 0x99, 0x99,
    0x99, 0x20, 0xe, 0xff, 0xff, 0xff, 0xff, 0xff,
    0xff, 0xff, 0xff, 0xe0, 0x2f, 0xff, 0xff, 0xff,
    0xff, 0xff, 0xff, 0xff, 0xff, 0xf2, 0x2f, 0xff,
    0xff, 0xff, 0xff, 0xff, 0xff, 0xff, 0xff, 0xf2,
    0x2f, 0xff, 0xff, 0xff, 0xff, 0xff, 0xff, 0xff,
    0xff, 0xf2, 0x2f, 0xff, 0xff, 0xff, 0xff, 0xff,
    0xff, 0xff, 0xff, 0xf2, 0x2f, 0xff, 0xff, 0xff,
    0xff, 0xff, 0xff, 0xff, 0xff, 0xf2, 0x2f, 0xff,
    0xff, 0xff, 0xff, 0xff, 0xff, 0xff, 0xff, 0xf2,
    0x2f, 0xff, 0xff, 0xff, 0xff, 0xff, 0xff, 0xff,
    0xff, 0xf2, 0x2f, 0xff, 0xff, 0xff, 0xff, 0xff,
    0xff, 0xff, 0xff, 0xf2, 0x2f, 0xff, 0xff, 0xff,
    0xff, 0xff, 0xff, 0xff, 0xff, 0xf2, 0x2f, 0xff,
    0xff, 0xff, 0xff, 0xff, 0xff, 0xff, 0xff, 0xf2,
    0x2f, 0xff, 0xff, 0xff, 0xff, 0xff, 0xff, 0xff,
    0xff, 0xf2, 0x2f, 0xff, 0xff, 0xff, 0xff, 0xff,
    0xff, 0xff, 0xff, 0xf1, 0x2f, 0xff, 0xff, 0xff,
    0xff, 0xff, 0xff, 0xff, 0xff, 0x80, 0x2f, 0xfe,
    0x20, 0x0, 0x0, 0x0, 0x0, 0x0, 0x0, 0x0,
    0x2f, 0xe2, 0x0, 0x0, 0x0, 0x0, 0x0, 0x0,
    0x0, 0x0, 0x2e, 0x20, 0x0, 0x0, 0x0, 0x0,
    0x0, 0x0, 0x0, 0x0, 0x12, 0x0, 0x0, 0x0,
    0x0, 0x0, 0x0, 0x0, 0x0, 0x0,

    /* U+F0387 "󰎇" */
    0x0, 0x0, 0x0, 0x99, 0x99, 0x94, 0x0, 0x0,
    0x0, 0xff, 0xff, 0xf7, 0x0, 0x0, 0x0, 0xff,
    0xff, 0xf7, 0x0, 0x0, 0x0, 0xff, 0xff, 0xf7,
    0x0, 0x0, 0x0, 0xfd, 0x0, 0x0, 0x0, 0x0,
    0x0, 0xfd, 0x0, 0x0, 0x0, 0x0, 0x0, 0xfd,
    0x0, 0x0, 0x0, 0x0, 0x0, 0xfd, 0x0, 0x0,
    0x0, 0x0, 0x0, 0xfd, 0x0, 0x0, 0x0, 0x4,
    0x41, 0xfd, 0x0, 0x0, 0x3, 0xef, 0xff, 0xfd,
    0x0, 0x0, 0x1e, 0xff, 0xff, 0xfd, 0x0, 0x0,
    0x6f, 0xff, 0xff, 0xfd, 0x0, 0x0, 0x7f, 0xff,
    0xff, 0xfd, 0x0, 0x0, 0x4f, 0xff, 0xff, 0xfa,
    0x0, 0x0, 0xb, 0xff, 0xff, 0xf2, 0x0, 0x0,
    0x0, 0x9e, 0xfb, 0x20, 0x0, 0x0,

    /* U+F0395 "󰎕" */
    0x0, 0x1, 0x10, 0x11, 0x0, 0x10, 0x1, 0x0,
    0x20, 0x1, 0x1c, 0x1d, 0xc1, 0xcd, 0x1c, 0xd2,
    0xbe, 0x2a, 0xe2, 0x93, 0x1f, 0xff, 0xff, 0xff,
    0xff, 0xff, 0xff, 0xff, 0xff, 0xf3, 0x1f, 0xff,
    0xff, 0xff, 0xff, 0xff, 0xff, 0xff, 0xff, 0xf3,
    0x1f, 0xff, 0xff, 0xff, 0xff, 0xff, 0xff, 0xff,
    0xff, 0xf3, 0x1f, 0xc3, 0x33, 0x33, 0x33, 0x33,
    0x33, 0x33, 0x3a, 0xf3, 0x1f, 0xb0, 0x0, 0x0,
    0x0, 0x0, 0x0, 0x0, 0x9, 0xf3, 0x1f, 0xb0,
    0x0, 0x0, 0x0, 0x0, 0x0, 0x0, 0x9, 0xf3,
    0x1f, 0xff, 0xff, 0xff, 0xff, 0xff, 0xff, 0xff,
    0xff, 0xf3, 0x1f, 0xfc, 0xcc, 0xcc, 0xcf, 0xfc,
    0xcc, 0xcc, 0xce, 0xf3, 0x1f, 0xb0, 0x0, 0x0,
    0xd, 0xf0, 0x0, 0x0, 0x9, 0xf3, 0x1f, 0xb0,
    0x0, 0x0, 0xd, 0xfb, 0xbb, 0xbb, 0xbe, 0xf3,
    0x1f, 0xb0, 0x0, 0x0, 0xd, 0xff, 0xff, 0xff,
    0xff, 0xf3, 0x1f, 0xb0, 0x0, 0x0, 0xd, 0xf1,
    0x11, 0x11, 0x1a, 0xf3, 0x1f, 0xb0, 0x0, 0x0,
    0xd, 0xf0, 0x0, 0x0, 0x9, 0xf3, 0xf, 0xfd,
    0xdd, 0xdd, 0xdf, 0xfd, 0xdd, 0xdd, 0xde, 0xf2,
    0x6, 0xff, 0xff, 0xff, 0xff, 0xff, 0xff, 0xff,
    0xff, 0x80,

    /* U+F039B "󰎛" */
    0x3, 0xab, 0xbb, 0xbb, 0xbb, 0xbb, 0x30, 0x0,
    0x0, 0xe, 0xff, 0xff, 0xff, 0xff, 0xff, 0xf3,
    0x0, 0x0, 0x1f, 0xc2, 0x22, 0x22, 0x2d, 0xf3,
    0xff, 0x30, 0x0, 0x1f, 0xc0, 0x0, 0x0, 0xd,
    0xf0, 0x3f, 0xf3, 0x0, 0x1f, 0xc0, 0x0, 0x0,
    0xd, 0xf0, 0x3, 0xff, 0x30, 0x1f, 0xc0, 0x0,
    0x0, 0xd, 0xf0, 0x0, 0x3f, 0xf3, 0x1f, 0xc0,
    0x0, 0x0, 0xd, 0xf0, 0x0, 0x4, 0xfa, 0x1f,
    0xc0, 0x0, 0x0, 0xd, 0xff, 0xff, 0xff, 0xfa,
    0x1f, 0xc0, 0x0, 0x0, 0xa, 0xcc, 0xcc, 0xcd,
    0xfa, 0x1f, 0xc0, 0x0, 0x0, 0x0, 0x0, 0x0,
    0x3, 0xfa, 0x1f, 0xc0, 0x0, 0x0, 0x0, 0x0,
    0x0, 0x3, 0xfa, 0x1f, 0xc0, 0x0, 0x0, 0x0,
    0x0, 0x0, 0x3, 0xfa, 0x1f, 0xc0, 0x0, 0x0,
    0x0, 0x0, 0x0, 0x3, 0xfa, 0x1f, 0xc0, 0x0,
    0x0, 0x0, 0x0, 0x0, 0x3, 0xfa, 0x1f, 0xc0,
    0x0, 0x0, 0x0, 0x0, 0x0, 0x3, 0xfa, 0xf,
    0xfd, 0xdd, 0xdd, 0xdd, 0xdd, 0xdd, 0xde, 0xf9,
    0x6, 0xff, 0xff, 0xff, 0xff, 0xff, 0xff, 0xff,
    0xc1,

    /* U+F03D8 "󰏘" */
    0x0, 0x0, 0x0, 0x48, 0xaa, 0x85, 0x0, 0x0,
    0x0, 0x0, 0x0, 0x4d, 0xff, 0xff, 0xff, 0xe6,
    0x0, 0x0, 0x0, 0x7, 0xfd, 0x36, 0xff, 0x93,
    0xbf, 0xb0, 0x0, 0x0, 0x5f, 0xf7, 0x0, 0xdf,
    0x0, 0x4f, 0xfa, 0x0, 0x2, 0xff, 0xfc, 0x2,
    0xff, 0x50, 0x9f, 0xff, 0x60, 0x9, 0xff, 0xff,
    0xff, 0xff, 0xff, 0xff, 0xff, 0xd0, 0xe, 0xe2,
    0x2d, 0xff, 0xff, 0xff, 0xf3, 0x2e, 0xf1, 0x2f,
    0xa0, 0x9, 0xff, 0xff, 0xff, 0xd0, 0xa, 0xf3,
    0x3f, 0xf6, 0x6f, 0xff, 0xff, 0xff, 0xf7, 0x6f,
    0xf2, 0x2f, 0xff, 0xff, 0xff, 0xff, 0xff, 0xff,
    0xff, 0xd0, 0xf, 0xff, 0xff, 0xff, 0xff, 0xff,
    0xff, 0xff, 0x50, 0xb, 0xff, 0xff, 0xff, 0xff,
    0xff, 0xff, 0xf6, 0x0, 0x4, 0xff, 0xff, 0xff,
    0xff, 0xa6, 0x64, 0x0, 0x0, 0x0, 0x9f, 0xff,
    0xff, 0xfd, 0x0, 0x0, 0x0, 0x0, 0x0, 0xb,
    0xff, 0xff, 0xff, 0x10, 0x0, 0x0, 0x0, 0x0,
    0x0, 0x8f, 0xff, 0xff, 0x60, 0x0, 0x0, 0x0,
    0x0, 0x0, 0x2, 0x9d, 0xfe, 0x20, 0x0, 0x0,
    0x0,

    /* U+F03F2 "󰏲" */
    0x7, 0x88, 0x73, 0x0, 0x0, 0x0, 0x0, 0x0,
    0x0, 0x3f, 0xff, 0xfc, 0x0, 0x0, 0x0, 0x0,
    0x0, 0x0, 0x3f, 0xff, 0xfd, 0x0, 0x0, 0x0,
    0x0, 0x0, 0x0, 0x1f, 0xff, 0xff, 0x0, 0x0,
    0x0, 0x0, 0x0, 0x0, 0xe, 0xff, 0xff, 0x30,
    0x0, 0x0, 0x0, 0x0, 0x0, 0xb, 0xff, 0xff,
    0x20, 0x0, 0x0, 0x0, 0x0, 0x0, 0x6, 0xff,
    0xf3, 0x0, 0x0, 0x0, 0x0, 0x0, 0x0, 0x0,
    0xff, 0x40, 0x0, 0x0, 0x0, 0x0, 0x0, 0x0,
    0x0, 0x7f, 0x90, 0x0, 0x0, 0x0, 0x0, 0x0,
    0x0, 0x0, 0xe, 0xf3, 0x0, 0x0, 0x0, 0x0,
    0x0, 0x0, 0x0, 0x4, 0xfe, 0x20, 0x0, 0x0,
    0x0, 0x0, 0x0, 0x0, 0x0, 0x7f, 0xd2, 0x0,
    0x0, 0x77, 0x31, 0x0, 0x0, 0x0, 0x9, 0xff,
    0x50, 0xa, 0xff, 0xff, 0xf2, 0x0, 0x0, 0x0,
    0x7f, 0xfb, 0xaf, 0xff, 0xff, 0xf4, 0x0, 0x0,
    0x0, 0x4, 0xdf, 0xff, 0xff, 0xff, 0xf4, 0x0,
    0x0, 0x0, 0x0, 0x5, 0xdf, 0xff, 0xff, 0xf4,
    0x0, 0x0, 0x0, 0x0, 0x0, 0x3, 0x8b, 0xef,
    0xe2,

    /* U+F0431 "󰐱" */
    0x0, 0x0, 0x0, 0x2, 0x85, 0x0, 0x0, 0x0,
    0x0, 0x0, 0x0, 0x0, 0x0, 0x2, 0xff, 0xf8,
    0x0, 0x0, 0x0, 0x0, 0x0, 0x0, 0x0, 0x0,
    0x8f, 0xff, 0xe0, 0x0, 0x0, 0x0, 0x0, 0x0,
    0x0, 0x0, 0x9, 0xff, 0xff, 0x0, 0x0, 0x0,
    0x0, 0x0, 0x5, 0xdd, 0xdd, 0xff, 0xff, 0xfd,
    0xdd, 0xd9, 0x0, 0x0, 0x0, 0xff, 0xff, 0xff,
    0xff, 0xff, 0xff, 0xff, 0xf6, 0x0, 0x0, 0x1f,
    0xff, 0xff, 0xff, 0xff, 0xff, 0xff, 0xff, 0x70,
    0x0, 0x1, 0xff, 0xff, 0xff, 0xff, 0xff, 0xff,
    0xff, 0xf7, 0x0, 0x0, 0x1f, 0xff, 0xff, 0xff,
    0xff, 0xff, 0xff, 0xff, 0x70, 0x0, 0x0, 0x67,
    0xcf, 0xff, 0xff, 0xff, 0xff, 0xff, 0xfa, 0x53,
    0x0, 0x0, 0x0, 0xcf, 0xff, 0xff, 0xff, 0xff,
    0xff, 0xff, 0xf8, 0x0, 0x0, 0x5, 0xff, 0xff,
    0xff, 0xff, 0xff, 0xff, 0xff, 0xf1, 0x0, 0x0,
    0x5f, 0xff, 0xff, 0xff, 0xff, 0xff, 0xff, 0xff,
    0x10, 0x0, 0xb, 0xff, 0xff, 0xff, 0xff, 0xff,
    0xff, 0xff, 0x90, 0x5, 0x6b, 0xff, 0xff, 0xff,
    0xff, 0xff, 0xff, 0xb6, 0x40, 0x1, 0xff, 0xff,
    0xff, 0xff, 0xff, 0xff, 0xff, 0xf7, 0x0, 0x0,
    0x1f, 0xff, 0xff, 0xf7, 0x24, 0xdf, 0xff, 0xff,
    0x70, 0x0, 0x1, 0xff, 0xff, 0xf8, 0x0, 0x2,
    0xff, 0xff, 0xf7, 0x0, 0x0, 0xf, 0xff, 0xff,
    0x30, 0x0, 0xd, 0xff, 0xff, 0x60, 0x0, 0x0,
    0x6e, 0xff, 0xf3, 0x0, 0x0, 0xcf, 0xff, 0xb0,
    0x0, 0x0,

    /* U+F044D "󰑍" */
    0x0, 0x0, 0x0, 0x0, 0x13, 0x31, 0x0, 0x0,
    0x0, 0x0, 0x0, 0x0, 0x1, 0x8e, 0xff, 0xff,
    0xe8, 0x10, 0x0, 0x0, 0x0, 0x0, 0x5f, 0xff,
    0xff, 0xff, 0xff, 0xf5, 0x0, 0x0, 0x0, 0x8,
    0xff, 0xff, 0xff, 0xff, 0xff, 0xff, 0x70, 0x0,
    0x0, 0x5f, 0xff, 0xff, 0xff, 0xba, 0xd8, 0xbf,
    0xf5, 0x0, 0x1, 0xff, 0xff, 0xff, 0xff, 0x8e,
    0xa0, 0x4f, 0xff, 0x10, 0x8, 0xff, 0xff, 0xff,
    0xff, 0x8f, 0xfc, 0xef, 0xff, 0x80, 0xd, 0xff,
    0xff, 0xff, 0xfc, 0x9f, 0xff, 0xff, 0xff, 0xd0,
    0xf, 0xff, 0xda, 0xc5, 0x0, 0x0, 0x4c, 0xad,
    0xff, 0xf0, 0x2f, 0xff, 0x0, 0x0, 0x0, 0x0,
    0x0, 0x0, 0xff, 0xf2, 0x1f, 0xff, 0x20, 0xe,
    0xb0, 0xb, 0xe0, 0x2, 0xff, 0xf1, 0xf, 0xff,
    0xb0, 0x8, 0x50, 0x6, 0x80, 0xa, 0xff, 0xf0,
    0xb, 0xff, 0xe0, 0x0, 0x0, 0x0, 0x0, 0xd,
    0xff, 0xb0, 0x6, 0xff, 0xfa, 0x1, 0x88, 0x88,
    0x10, 0x9f, 0xff, 0x50, 0x0, 0xdf, 0xff, 0xc5,
    0x0, 0x0, 0x5c, 0xff, 0xfc, 0x0, 0x0, 0x2e,
    0xff, 0xff, 0xfe, 0xef, 0xff, 0xff, 0xe2, 0x0,
    0x0, 0x3, 0xef, 0xff, 0xff, 0xff, 0xff, 0xfe,
    0x30, 0x0, 0x0, 0x0, 0x1b, 0xff, 0xff, 0xff,
    0xff, 0xb1, 0x0, 0x0, 0x0, 0x0, 0x0, 0x38,
    0xce, 0xec, 0x83, 0x0, 0x0, 0x0,

    /* U+F0493 "󰒓" */
    0x0, 0x0, 0x0, 0x2, 0x22, 0x20, 0x0, 0x0,
    0x0, 0x0, 0x0, 0x0, 0x5f, 0xff, 0xf5, 0x0,
    0x0, 0x0, 0x0, 0x0, 0x0, 0x7f, 0xff, 0xf7,
    0x0, 0x0, 0x0, 0x0, 0x50, 0x0, 0xbf, 0xff,
    0xfb, 0x0, 0x5, 0x0, 0x6, 0xff, 0xae, 0xff,
    0xff, 0xff, 0xea, 0xff, 0x60, 0x1e, 0xff, 0xff,
    0xff, 0xff, 0xff, 0xff, 0xff, 0xe1, 0x9f, 0xff,
    0xff, 0xff, 0xdd, 0xff, 0xff, 0xff, 0xf9, 0xaf,
    0xff, 0xff, 0xd2, 0x0, 0x2d, 0xff, 0xff, 0xfa,
    0x7, 0xff, 0xff, 0x20, 0x0, 0x2, 0xff, 0xff,
    0x70, 0x0, 0xdf, 0xfd, 0x0, 0x0, 0x0, 0xdf,
    0xfd, 0x0, 0x0, 0xef, 0xfe, 0x0, 0x0, 0x0,
    0xef, 0xfd, 0x0, 0x1b, 0xff, 0xff, 0x50, 0x0,
    0x5, 0xff, 0xff, 0xb1, 0xcf, 0xff, 0xff, 0xf7,
    0x11, 0x7f, 0xff, 0xff, 0xfc, 0x6f, 0xff, 0xff,
    0xff, 0xff, 0xff, 0xff, 0xff, 0xf7, 0xd, 0xff,
    0xff, 0xff, 0xff, 0xff, 0xff, 0xff, 0xd0, 0x4,
    0xfb, 0x5a, 0xff, 0xff, 0xff, 0x95, 0xbf, 0x40,
    0x0, 0x10, 0x0, 0x9f, 0xff, 0xf9, 0x0, 0x1,
    0x0, 0x0, 0x0, 0x0, 0x6f, 0xff, 0xf6, 0x0,
    0x0, 0x0, 0x0, 0x0, 0x0, 0x3e, 0xee, 0xe3,
    0x0, 0x0, 0x0,

    /* U+F04B2 "󰒲" */
    0x0, 0x0, 0x0, 0x0, 0x0, 0x0, 0x0, 0x0,
    0xcc, 0xcc, 0xc5, 0x0, 0x0, 0x0, 0x0, 0x0,
    0x0, 0x0, 0x1, 0xff, 0xff, 0xf6, 0x0, 0x0,
    0x0, 0x0, 0x0, 0x0, 0x0, 0x0, 0x0, 0x6f,
    0xe2, 0x0, 0x0, 0x0, 0x0, 0x0, 0x0, 0x0,
    0x0, 0x2, 0xff, 0x40, 0x0, 0x0, 0x0, 0x0,
    0x9f, 0xff, 0xfe, 0x0, 0x1d, 0xf7, 0x0, 0x0,
    0x0, 0x0, 0x0, 0x8f, 0xff, 0xfe, 0x0, 0xbf,
    0xb0, 0x0, 0x0, 0x0, 0x0, 0x0, 0x0, 0x1e,
    0xf6, 0x1, 0xff, 0xff, 0xf6, 0x3, 0x33, 0x33,
    0x10, 0x0, 0xdf, 0x80, 0x0, 0xcc, 0xcc, 0xc5,
    0x1f, 0xff, 0xff, 0x60, 0xc, 0xf9, 0x0, 0x0,
    0x0, 0x0, 0x0, 0x6, 0x67, 0xff, 0x40, 0x8f,
    0xfa, 0xa9, 0x0, 0x0, 0x0, 0x0, 0x0, 0xd,
    0xf8, 0x0, 0x9f, 0xff, 0xfe, 0x0, 0x0, 0x0,
    0x0, 0x0, 0xaf, 0xb0, 0x0, 0x13, 0x33, 0x32,
    0x0, 0x0, 0x0, 0x0, 0x8, 0xfd, 0x0, 0x0,
    0x0, 0x0, 0x0, 0x0, 0x0, 0x0, 0x0, 0x1f,
    0xfe, 0xcc, 0x50, 0x0, 0x0, 0x0, 0x0, 0x0,
    0x0, 0x0, 0x1f, 0xff, 0xff, 0x60, 0x0, 0x0,
    0x0, 0x0, 0x0, 0x0, 0x0, 0x0, 0x0, 0x0,
    0x0, 0x0, 0x0, 0x0, 0x0, 0x0, 0x0, 0x0,

    /* U+F04B6 "󰒶" */
    0x0, 0x0, 0x0, 0x0, 0x1, 0x10, 0x0, 0x0,
    0x0, 0x0, 0x0, 0x0, 0x0, 0x19, 0xfe, 0xef,
    0x91, 0x0, 0x0, 0x0, 0x0, 0x0, 0x2, 0xd9,
    0x10, 0x1, 0x9d, 0x10, 0x0, 0x0, 0x0, 0x0,
    0xb, 0x70, 0x0, 0x0, 0x7, 0xc0, 0x0, 0x0,
    0x0, 0x0, 0x2e, 0x0, 0x0, 0x0, 0x0, 0xe2,
    0x0, 0x0, 0x0, 0x0, 0x5b, 0x0, 0x0, 0x0,
    0x0, 0xa5, 0x0, 0x0, 0x0, 0x1, 0x7a, 0x0,
    0x0, 0x0, 0x0, 0xa7, 0x10, 0x0, 0x0, 0x3f,
    0xea, 0x0, 0x0, 0x0, 0x0, 0xaf, 0xf3, 0x0,
    0x0, 0x88, 0x2, 0x0, 0x0, 0x0, 0x0, 0x20,
    0x88, 0x0, 0x0, 0x2e, 0x80, 0x0, 0x0, 0x0,
    0x0, 0x8, 0xe2, 0x0, 0x0, 0x1, 0xd6, 0x0,
    0x0, 0x0, 0x0, 0x6d, 0x10, 0x0, 0x0, 0x2,
    0xe1, 0x0, 0x0, 0x0, 0x0, 0x1e, 0x20, 0x0,
    0x0, 0x3e, 0x60, 0x0, 0x0, 0x0, 0x0, 0x5,
    0xe3, 0x0, 0x9, 0xe5, 0x0, 0x0, 0x0, 0x0,
    0x0, 0x0, 0x5e, 0x90, 0x1f, 0x40, 0x0, 0x0,
    0x0, 0x0, 0x0, 0x0, 0x3, 0xf1, 0x6, 0xed,
    0x0, 0x0, 0x0, 0x0, 0x0, 0x0, 0xce, 0x60,
    0x0, 0xb, 0xca, 0x71, 0x0, 0x0, 0x17, 0xac,
    0xb0, 0x0, 0x0, 0x0, 0x46, 0xae, 0x74, 0x48,
    0xea, 0x64, 0x0, 0x0, 0x0, 0x0, 0x0, 0x2,
    0x9d, 0xd9, 0x20, 0x0, 0x0, 0x0,

    /* U+F04C7 "󰓇" */
    0x0, 0x0, 0x0, 0x0, 0x45, 0x54, 0x0, 0x0,
    0x0, 0x0, 0x0, 0x0, 0x3, 0xbf, 0xff, 0xff,
    0xfb, 0x30, 0x0, 0x0, 0x0, 0x0, 0x8f, 0xff,
    0xff, 0xff, 0xff, 0xf8, 0x0, 0x0, 0x0, 0xa,
    0xff, 0xff, 0xff, 0xff, 0xff, 0xff, 0xa0, 0x0,
    0x0, 0x7f, 0xff, 0xff, 0xff, 0xff, 0xff, 0xff,
    0xf7, 0x0, 0x1, 0xff, 0xfd, 0xa9, 0x88, 0x9b,
    0xef, 0xff, 0xff, 0x10, 0x8, 0xfd, 0x10, 0x0,
    0x0, 0x0, 0x2, 0x7e, 0xff, 0x80, 0xd, 0xfe,
    0x57, 0xac, 0xcc, 0xb9, 0x51, 0x0, 0x9f, 0xd0,
    0xf, 0xff, 0xff, 0xcb, 0xab, 0xcf, 0xff, 0xa4,
    0x8f, 0xf0, 0x2f, 0xff, 0x80, 0x0, 0x0, 0x0,
    0x39, 0xff, 0xff, 0xf1, 0x1f, 0xff, 0xc9, 0xce,
    0xee, 0xc9, 0x40, 0x1c, 0xff, 0xf1, 0xf, 0xff,
    0xff, 0xdb, 0xab, 0xdf, 0xfd, 0x7d, 0xff, 0xf0,
    0xb, 0xff, 0xc0, 0x2, 0x33, 0x0, 0x5d, 0xff,
    0xff, 0xb0, 0x5, 0xff, 0xfe, 0xff, 0xff, 0xfd,
    0x60, 0xdf, 0xff, 0x50, 0x0, 0xcf, 0xff, 0xff,
    0xff, 0xff, 0xff, 0xff, 0xfc, 0x0, 0x0, 0x2f,
    0xff, 0xff, 0xff, 0xff, 0xff, 0xff, 0xf2, 0x0,
    0x0, 0x4, 0xef, 0xff, 0xff, 0xff, 0xff, 0xfe,
    0x30, 0x0, 0x0, 0x0, 0x2b, 0xff, 0xff, 0xff,
    0xff, 0xb2, 0x0, 0x0, 0x0, 0x0, 0x0, 0x38,
    0xcd, 0xdc, 0x83, 0x0, 0x0, 0x0,

    /* U+F04D3 "󰓓" */
    0x0, 0x0, 0x0, 0x1, 0x46, 0x53, 0x0, 0x0,
    0x0, 0x0, 0x0, 0x0, 0x5c, 0xff, 0xff, 0xfe,
    0x91, 0x0, 0x0, 0x0, 0x1, 0xaf, 0xff, 0xff,
    0xff, 0xff, 0xf5, 0x0, 0x0, 0x0, 0xdf, 0xff,
    0xff, 0xff, 0xff, 0xff, 0xf7, 0x0, 0x0, 0xbf,
    0xff, 0xff, 0xff, 0xc3, 0x0, 0x7f, 0xf4, 0x0,
    0x5f, 0xff, 0xff, 0xff, 0xd0, 0x79, 0x92, 0x5f,
    0xd0, 0xc, 0xff, 0xff, 0xff, 0xf7, 0x45, 0x0,
    0x90, 0xef, 0x51, 0xff, 0xff, 0xff, 0xff, 0x37,
    0x10, 0x9, 0xc, 0xf9, 0x4f, 0xff, 0xff, 0xff,
    0x90, 0x38, 0x2, 0x90, 0xff, 0xd0, 0x6c, 0xff,
    0xff, 0xd0, 0x0, 0x49, 0x80, 0x8f, 0xfe, 0x0,
    0x3, 0x9e, 0xa3, 0x0, 0x0, 0x14, 0xaf, 0xff,
    0xd0, 0x0, 0x0, 0x2, 0x82, 0x0, 0x5e, 0xff,
    0xff, 0xfb, 0x7, 0x10, 0x0, 0x0, 0x90, 0x9f,
    0xff, 0xff, 0xff, 0x70, 0x9f, 0xa2, 0x0, 0x9,
    0x7f, 0xff, 0xff, 0xff, 0xf2, 0x1, 0xef, 0xc3,
    0x78, 0x6c, 0xff, 0xff, 0xff, 0xf9, 0x0, 0x5,
    0xff, 0xb5, 0x6c, 0xff, 0xff, 0xff, 0xfd, 0x0,
    0x0, 0x6, 0xff, 0xff, 0xff, 0xff, 0xff, 0xfd,
    0x10, 0x0, 0x0, 0x3, 0xcf, 0xff, 0xff, 0xff,
    0xf9, 0x0, 0x0, 0x0, 0x0, 0x0, 0x49, 0xcd,
    0xdb, 0x71, 0x0, 0x0, 0x0,

    /* U+F04F4 "󰓴" */
    0x0, 0x0, 0x0, 0x0, 0x4, 0x50, 0x0, 0x0,
    0x0, 0x0, 0x0, 0x0, 0x0, 0x0, 0xd, 0xf0,
    0x0, 0x0, 0x0, 0x0, 0x0, 0x0, 0x0, 0x0,
    0xd, 0xf0, 0x0, 0x0, 0x0, 0x0, 0x0, 0x0,
    0x0, 0x79, 0x9e, 0xf9, 0x96, 0x0, 0x0, 0x0,
    0x0, 0x0, 0x0, 0xbf, 0xff, 0xff, 0xfa, 0x0,
    0x0, 0x0, 0x0, 0x0, 0x0, 0x23, 0x3d, 0xf3,
    0x32, 0x0, 0x0, 0x0, 0x0, 0x0, 0x0, 0x0,
    0xd, 0xf0, 0x0, 0x0, 0x0, 0x0, 0x0, 0x0,
    0x0, 0x0, 0xc, 0xf0, 0x0, 0x0, 0x0, 0x0,
    0x0, 0x0, 0x0, 0x0, 0x0, 0x0, 0x0, 0x0,
    0x0, 0x0, 0x0, 0x0, 0x0, 0x0, 0x0, 0x0,
    0x0, 0x0, 0x0, 0x0, 0x7, 0xff, 0xff, 0xff,
    0xff, 0xff, 0xff, 0xff, 0xff, 0x70, 0xf, 0xfc,
    0xcc, 0xff, 0xdc, 0xcd, 0xfe, 0xcc, 0xcf, 0xf0,
    0x1f, 0xb0, 0x0, 0xbf, 0x10, 0x1, 0xfa, 0x0,
    0xb, 0xf1, 0x1f, 0xb0, 0x0, 0xbf, 0x10, 0x1,
    0xfa, 0x0, 0xb, 0xf1, 0x1f, 0xfc, 0xcc, 0xff,
    0xcc, 0xcc, 0xfe, 0xcc, 0xcf, 0xf1, 0x1f, 0xff,
    0xff, 0xff, 0xff, 0xff, 0xff, 0xff, 0xff, 0xf1,
    0x1f, 0xb0, 0x0, 0xbf, 0x10, 0x2, 0xfa, 0x0,
    0xb, 0xf1, 0x1f, 0xb0, 0x0, 0xbf, 0x10, 0x1,
    0xfa, 0x0, 0xb, 0xf1, 0x3, 0x20, 0x0, 0x23,
    0x0, 0x0, 0x32, 0x0, 0x2, 0x30,

    /* U+F0507 "󰔇" */
    0x0, 0x0, 0x0, 0x0, 0x45, 0x54, 0x0, 0x0,
    0x0, 0x0, 0x0, 0x0, 0x3, 0xbf, 0xff, 0xff,
    0xfb, 0x30, 0x0, 0x0, 0x0, 0x0, 0x8f, 0xff,
    0xff, 0xff, 0xff, 0xf8, 0x0, 0x0, 0x0, 0x0,
    0x5f, 0xff, 0xff, 0xff, 0xff, 0xf4, 0x0, 0x0,
    0x0, 0x63, 0x7, 0xff, 0xff, 0xff, 0xff, 0x70,
    0x36, 0x0, 0x1, 0xfe, 0x10, 0xdf, 0xff, 0xff,
    0xfd, 0x1, 0xef, 0x10, 0x8, 0xff, 0x90, 0x6f,
    0xff, 0xff, 0xf6, 0x9, 0xff, 0x80, 0xd, 0xff,
    0xf0, 0x1f, 0xff, 0xff, 0xf1, 0xf, 0xff, 0xd0,
    0xf, 0xff, 0xf4, 0xe, 0xff, 0xff, 0xd0, 0x4f,
    0xff, 0xf0, 0x2f, 0xff, 0xf5, 0xc, 0xff, 0xff,
    0xc0, 0x5f, 0xff, 0xf2, 0x1f, 0xff, 0xf5, 0xd,
    0xff, 0xff, 0xc0, 0x5f, 0xff, 0xf1, 0xf, 0xff,
    0xf2, 0xf, 0xff, 0xff, 0xe0, 0x2f, 0xff, 0xf0,
    0xb, 0xff, 0xd0, 0x3f, 0xff, 0xff, 0xf3, 0xd,
    0xff, 0xb0, 0x5, 0xff, 0x50, 0x9f, 0xff, 0xff,
    0xf8, 0x5, 0xff, 0x50, 0x0, 0xc9, 0x2, 0xff,
    0xff, 0xff, 0xff, 0x20, 0x9c, 0x0, 0x0, 0x10,
    0xc, 0xff, 0xff, 0xff, 0xff, 0xc0, 0x1, 0x0,
    0x0, 0x0, 0xaf, 0xff, 0xff, 0xff, 0xff, 0xfa,
    0x0, 0x0, 0x0, 0x0, 0x1b, 0xff, 0xff, 0xff,
    0xff, 0xb1, 0x0, 0x0, 0x0, 0x0, 0x0, 0x38,
    0xcd, 0xdc, 0x83, 0x0, 0x0, 0x0,

    /* U+F050E "󰔎" */
    0x0, 0x0, 0x23, 0x0, 0x5, 0x0, 0x0, 0x0,
    0x0, 0x0, 0x0, 0x2c, 0xc0, 0x2, 0x6e, 0x62,
    0x0, 0x0, 0x0, 0x0, 0x1, 0xef, 0x10, 0x0,
    0xbf, 0x90, 0x0, 0x2, 0xc2, 0x0, 0xa, 0xf9,
    0x0, 0x0, 0x98, 0x80, 0x0, 0x2e, 0xf7, 0x0,
    0xf, 0xf4, 0x0, 0x20, 0x0, 0x0, 0x2, 0xef,
    0x80, 0x0, 0x1f, 0xf2, 0x5, 0xc8, 0x0, 0x0,
    0x2e, 0xf8, 0x0, 0x0, 0xf, 0xf3, 0x1, 0xf8,
    0x0, 0x2, 0xef, 0x80, 0x0, 0x0, 0xc, 0xf7,
    0x1, 0x12, 0x0, 0x2e, 0xf8, 0x0, 0x35, 0x41,
    0x3, 0xfd, 0x0, 0x0, 0x2, 0xef, 0x80, 0x17,
    0x4f, 0xc0, 0x0, 0x5f, 0x90, 0x0, 0x2e, 0xf8,
    0x1, 0xdf, 0x1b, 0x10, 0x0, 0x1, 0x64, 0x2,
    0xef, 0x80, 0x1d, 0xff, 0x40, 0x0, 0x0, 0x0,
    0x0, 0x2e, 0xf8, 0x1, 0xdf, 0xff, 0x50, 0x0,
    0x0, 0x0, 0x2, 0xef, 0x80, 0x1d, 0xff, 0xff,
    0x27, 0x0, 0x0, 0x0, 0x2e, 0xf8, 0x1, 0xdf,
    0xff, 0xfc, 0x2f, 0x80, 0x0, 0x2, 0xef, 0x80,
    0x1d, 0xff, 0xff, 0xe2, 0x59, 0x81, 0x0, 0x2e,
    0xf8, 0x0, 0x3c, 0xff, 0xfa, 0x10, 0x0, 0x0,
    0x0, 0x7f, 0x80, 0x2, 0x93, 0x1, 0x5, 0x90,
    0x0, 0x0, 0x0, 0x4, 0x0, 0x1, 0xfd, 0x10,
    0x3f, 0xd0, 0x0, 0x0, 0x0, 0x0, 0x0, 0x0,
    0xb1, 0x0, 0x2, 0xa0, 0x0, 0x0, 0x0, 0x0,
    0x0, 0x0, 0x0, 0x0, 0x0, 0x0, 0x0, 0x0,

    /* U+F052C "󰔬" */
    0x0, 0x1, 0x57, 0x89, 0x99, 0x87, 0x40, 0x0,
    0x0, 0x9f, 0xff, 0xff, 0xff, 0xff, 0xff, 0x70,
    0xa, 0xff, 0xff, 0xff, 0xff, 0xff, 0xff, 0xf5,
    0xf, 0xff, 0xff, 0xff, 0xff, 0xff, 0xff, 0xfa,
    0x1f, 0xb0, 0x0, 0xb, 0xf1, 0x0, 0x1, 0xfc,
    0x1f, 0xb0, 0x0, 0xb, 0xf1, 0x0, 0x1, 0xfc,
    0x1f, 0xb0, 0x0, 0xb, 0xf1, 0x0, 0x1, 0xfc,
    0x1f, 0xb0, 0x0, 0xb, 0xf1, 0x0, 0x1, 0xfc,
    0x1f, 0xff, 0xff, 0xff, 0xff, 0xff, 0xff, 0xfc,
    0x1f, 0xff, 0xff, 0xff, 0xff, 0xff, 0xff, 0xfc,
    0x1f, 0xff, 0xff, 0xff, 0xff, 0xff, 0xff, 0xfc,
    0x1f, 0xfc, 0xcf, 0xff, 0xff, 0xfe, 0xaf, 0xfc,
    0x1f, 0xd0, 0xb, 0xff, 0xff, 0xf1, 0x3, 0xfc,
    0xf, 0xd0, 0xb, 0xff, 0xff, 0xf1, 0x4, 0xfa,
    0xa, 0xfd, 0xcf, 0xff, 0xff, 0xfe, 0xbf, 0xf4,
    0x1, 0xaf, 0xff, 0xff, 0xff, 0xff, 0xfe, 0x50,
    0x0, 0x5, 0xff, 0x42, 0x22, 0x9f, 0xd0, 0x0,
    0x0, 0x2f, 0xf4, 0x0, 0x0, 0x9, 0xfc, 0x0,

    /* U+F052D "󰔭" */
    0x0, 0x26, 0x66, 0x66, 0x66, 0x65, 0x0, 0x0,
    0x5f, 0xff, 0xff, 0xff, 0xfe, 0x0, 0x0, 0x0,
    0x0, 0x3f, 0xa0, 0x0, 0x0, 0x0, 0x4, 0x79,
    0xdf, 0xb9, 0x73, 0x0, 0x4, 0xef, 0xff, 0xff,
    0xff, 0xff, 0xc0, 0xe, 0xff, 0xff, 0xff, 0xff,
    0xff, 0xf8, 0x2f, 0xff, 0xff, 0xff, 0xff, 0xff,
    0xfb, 0x2f, 0x90, 0x0, 0x0, 0x0, 0x1, 0xfb,
    0x2f, 0x90, 0x0, 0x0, 0x0, 0x1, 0xfb, 0x2f,
    0x90, 0x0, 0x0, 0x0, 0x1, 0xfb, 0x2f, 0x90,
    0x0, 0x0, 0x0, 0x1, 0xfb, 0x2f, 0xc6, 0x66,
    0x66, 0x66, 0x67, 0xfb, 0x2f, 0xff, 0xff, 0xff,
    0xff, 0xff, 0xfb, 0x2f, 0xff, 0xff, 0x40, 0xaf,
    0xff, 0xfb, 0x2f, 0xff, 0xfe, 0x0, 0x5f, 0xff,
    0xfb, 0xc, 0xff, 0xff, 0x95, 0xdf, 0xff, 0xf7,
    0x1, 0xbf, 0xff, 0xff, 0xff, 0xff, 0xb0, 0x0,
    0x5f, 0xf4, 0x11, 0x17, 0xfd, 0x10, 0x2, 0xee,
    0x30, 0x0, 0x0, 0x6e, 0xa0,

    /* U+F0543 "󰕃" */
    0x0, 0x4, 0x55, 0x55, 0x55, 0x55, 0x55, 0x55,
    0x0, 0x7f, 0xff, 0xff, 0xff, 0xff, 0xff, 0xfe,
    0x7, 0xff, 0x0, 0x0, 0x0, 0x0, 0x0, 0x6e,
    0x6f, 0xff, 0x0, 0x0, 0x0, 0x0, 0x0, 0x6e,
    0xdf, 0xff, 0x0, 0x4, 0xb0, 0x8, 0x70, 0x6e,
    0xdf, 0xff, 0x0, 0x5, 0xf0, 0xb, 0xa0, 0x6e,
    0xdf, 0xff, 0x0, 0x5, 0xf0, 0xb, 0xa0, 0x6e,
    0xdf, 0xff, 0x0, 0x5, 0xf0, 0xb, 0xa0, 0x6e,
    0xdf, 0xff, 0x0, 0x1, 0x50, 0x3, 0x30, 0x6e,
    0xdf, 0xff, 0x0, 0x0, 0x0, 0x0, 0x0, 0xae,
    0xdf, 0xff, 0x0, 0x0, 0x0, 0x0, 0x9, 0xf6,
    0xdf, 0xff, 0x10, 0x0, 0x0, 0x1, 0x9f, 0x50,
    0xdf, 0xff, 0xff, 0xf0, 0x4f, 0xff, 0xf5, 0x0,
    0xdf, 0xff, 0xff, 0xf4, 0xff, 0xff, 0x50, 0x0,
    0xdf, 0xff, 0xff, 0xff, 0xff, 0xf5, 0x0, 0x0,
    0xbd, 0xdd, 0xff, 0xfe, 0xdd, 0x50, 0x0, 0x0,
    0x0, 0x0, 0xff, 0xa0, 0x0, 0x0, 0x0, 0x0,
    0x0, 0x0, 0xfa, 0x0, 0x0, 0x0, 0x0, 0x0,
    0x0, 0x0, 0x90, 0x0, 0x0, 0x0, 0x0, 0x0,
    0x0, 0x0, 0x0, 0x0, 0x0, 0x0, 0x0, 0x0,

    /* U+F0544 "󰕄" */
    0x0, 0x0, 0x0, 0x0, 0x0, 0x0, 0x69, 0x72,
    0x0, 0x10, 0x5, 0x20, 0x0, 0x0, 0x0, 0x1d,
    0xff, 0xff, 0x89, 0x90, 0xb, 0xe3, 0x0, 0x0,
    0x0, 0xcf, 0xff, 0xff, 0xfd, 0x62, 0xb, 0xff,
    0x70, 0x0, 0x2, 0xff, 0xff, 0xff, 0xff, 0x80,
    0x7, 0xff, 0xfe, 0x82, 0x3, 0xff, 0xff, 0xff,
    0xfa, 0x0, 0x1, 0xdf, 0xff, 0xff, 0xfd, 0xff,
    0xff, 0xff, 0xf9, 0x0, 0xa, 0xcf, 0xff, 0xff,
    0xff, 0xff, 0xff, 0xff, 0xf8, 0x0, 0x7, 0xff,
    0xff, 0xff, 0xff, 0xff, 0xff, 0xff, 0xf4, 0x0,
    0x0, 0xcf, 0xff, 0xff, 0xff, 0xff, 0xff, 0xff,
    0xf0, 0x0, 0x0, 0x19, 0xff, 0xff, 0xff, 0xff,
    0xff, 0xff, 0x90, 0x0, 0x0, 0x2f, 0xff, 0xff,
    0xff, 0xff, 0xff, 0xff, 0x10, 0x0, 0x0, 0x5,
    0xff, 0xff, 0xff, 0xff, 0xff, 0xf6, 0x0, 0x0,
    0x0, 0x0, 0x28, 0xff, 0xff, 0xff, 0xff, 0x90,
    0x0, 0x0, 0x0, 0x0, 0x6d, 0xff, 0xff, 0xff,
    0xf8, 0x0, 0x0, 0x0, 0x18, 0xdf, 0xff, 0xff,
    0xff, 0xfc, 0x30, 0x0, 0x0, 0x0, 0x0, 0x49,
    0xde, 0xfe, 0xc9, 0x40, 0x0, 0x0, 0x0, 0x0,

    /* U+F0553 "󰕓" */
    0x0, 0x0, 0x0, 0x0, 0x0, 0x0, 0x0, 0x0,
    0x0, 0x0, 0x94, 0x0, 0x0, 0x0, 0x0, 0x0,
    0x5, 0xfe, 0x10, 0x0, 0x0, 0x0, 0x0, 0x2f,
    0xff, 0xa0, 0x0, 0x0, 0x0, 0x0, 0x69, 0xfe,
    0x82, 0x0, 0x0, 0x0, 0x0, 0x0, 0xfb, 0x0,
    0x0, 0x0, 0x19, 0xb5, 0x0, 0xfb, 0x6, 0xbb,
    0xb0, 0x9f, 0xff, 0x10, 0xfb, 0x9, 0xff, 0xf1,
    0xbf, 0xff, 0x30, 0xfb, 0x9, 0xff, 0xf1, 0x2e,
    0xf9, 0x0, 0xfb, 0x8, 0xff, 0xf1, 0xa, 0xf2,
    0x0, 0xfb, 0x0, 0xaf, 0x20, 0xa, 0xf4, 0x12,
    0xfc, 0x11, 0xbf, 0x20, 0x7, 0xff, 0xff, 0xff,
    0xff, 0xff, 0x0, 0x0, 0x8b, 0xbb, 0xfe, 0xbb,
    0xa4, 0x0, 0x0, 0x0, 0x0, 0xfb, 0x0, 0x0,
    0x0, 0x0, 0x0, 0x0, 0xfb, 0x0, 0x0, 0x0,
    0x0, 0x0, 0x3, 0xfd, 0x0, 0x0, 0x0, 0x0,
    0x0, 0xe, 0xff, 0xa0, 0x0, 0x0, 0x0, 0x0,
    0x1f, 0xff, 0xc0, 0x0, 0x0, 0x0, 0x0, 0xb,
    0xff, 0x60, 0x0, 0x0, 0x0, 0x0, 0x0, 0x42,
    0x0, 0x0, 0x0,

    /* U+F0560 "󰕠" */
    0x9, 0x99, 0x99, 0x60, 0x0, 0x0, 0x0, 0x0,
    0x0, 0x0, 0x1f, 0xff, 0xff, 0xa0, 0x0, 0x0,
    0x5, 0xbb, 0xbb, 0xb0, 0x1f, 0xc2, 0x5f, 0xa0,
    0x0, 0x0, 0x7, 0xff, 0xff, 0xf0, 0x1f, 0xb0,
    0x3f, 0xa0, 0x0, 0x0, 0x7, 0xf7, 0x1d, 0xf0,
    0x1f, 0xff, 0xff, 0xe0, 0x0, 0x0, 0x8, 0xf6,
    0xc, 0xf0, 0x1f, 0xff, 0xff, 0xf8, 0x0, 0x0,
    0x1e, 0xff, 0xff, 0xf0, 0x2, 0x2e, 0xf4, 0xef,
    0xdd, 0xdd, 0xef, 0xce, 0xfd, 0xc0, 0x0, 0xb,
    0xf5, 0x4f, 0xff, 0xff, 0xf9, 0xb, 0xf1, 0x0,
    0x0, 0x8, 0xf7, 0xb, 0xf1, 0xf, 0xf1, 0xd,
    0xf0, 0x0, 0x0, 0x5, 0xfa, 0x9, 0xf2, 0xf,
    0xd0, 0xf, 0xe0, 0x0, 0x0, 0x2, 0xfc, 0x9,
    0xff, 0xff, 0xd0, 0x1f, 0xc0, 0x0, 0x0, 0x0,
    0xff, 0x7, 0xcc, 0xcc, 0xa0, 0x3f, 0xa0, 0x0,
    0x0, 0x0, 0xcf, 0x20, 0x0, 0x0, 0x0, 0x5f,
    0x80, 0x0, 0x0, 0x3c, 0xef, 0xdc, 0x10, 0x0,
    0x4c, 0xef, 0xec, 0x10, 0x0, 0x4f, 0xff, 0xff,
    0x20, 0x0, 0x6f, 0xff, 0xff, 0x10, 0x0, 0x4f,
    0xc0, 0x6f, 0xee, 0xee, 0xff, 0x70, 0xbf, 0x10,
    0x0, 0x4f, 0xc0, 0x5f, 0xff, 0xff, 0xff, 0x70,
    0xbf, 0x10, 0x0, 0x4f, 0xfd, 0xef, 0x52, 0x22,
    0x8f, 0xed, 0xff, 0x10, 0x0, 0x4f, 0xff, 0xff,
    0x20, 0x0, 0x5f, 0xff, 0xff, 0x10,

    /* U+F0567 "󰕧" */
    0xc, 0xff, 0xff, 0xff, 0xff, 0xff, 0xf8, 0x0,
    0x1, 0x1f, 0xff, 0xff, 0xff, 0xff, 0xff, 0xfc,
    0x0, 0x86, 0x1f, 0xff, 0xff, 0xff, 0xff, 0xff,
    0xfc, 0x8, 0xf6, 0x1f, 0xff, 0xff, 0xff, 0xff,
    0xff, 0xfc, 0x8f, 0xf6, 0x1f, 0xff, 0xff, 0xff,
    0xff, 0xff, 0xff, 0xff, 0xf6, 0x1f, 0xff, 0xff,
    0xff, 0xff, 0xff, 0xff, 0xff, 0xf6, 0x1f, 0xff,
    0xff, 0xff, 0xff, 0xff, 0xff, 0xff, 0xf6, 0x1f,
    0xff, 0xff, 0xff, 0xff, 0xff, 0xfc, 0xaf, 0xf6,
    0x1f, 0xff, 0xff, 0xff, 0xff, 0xff, 0xfc, 0xa,
    0xf6, 0x1f, 0xff, 0xff, 0xff, 0xff, 0xff, 0xfc,
    0x0, 0xa6, 0xd, 0xff, 0xff, 0xff, 0xff, 0xff,
    0xf9, 0x0, 0x2, 0x0, 0x0, 0x0, 0x0, 0x0,
    0x0, 0x0, 0x0, 0x0,

    /* U+F0590 "󰖐" */
    0x0, 0x0, 0x0, 0x0, 0x17, 0xa9, 0x71, 0x0,
    0x0, 0x0, 0x0, 0x0, 0x0, 0x0, 0x7, 0xff,
    0xff, 0xff, 0x70, 0x0, 0x0, 0x0, 0x0, 0x0,
    0x0, 0x8f, 0xd6, 0x33, 0x7e, 0xf8, 0x0, 0x0,
    0x0, 0x0, 0x0, 0x3, 0xfc, 0x0, 0x0, 0x1,
    0xcf, 0x30, 0x0, 0x0, 0x0, 0x7, 0xcf, 0xf1,
    0x0, 0x0, 0x0, 0x1f, 0xa0, 0x0, 0x0, 0x0,
    0xcf, 0xff, 0xb0, 0x0, 0x0, 0x0, 0xa, 0xe0,
    0x0, 0x0, 0x8, 0xfc, 0x20, 0x0, 0x0, 0x0,
    0x0, 0x7, 0xff, 0xd6, 0x0, 0xe, 0xf1, 0x0,
    0x0, 0x0, 0x0, 0x0, 0x4, 0xcc, 0xff, 0x60,
    0xf, 0xc0, 0x0, 0x0, 0x0, 0x0, 0x0, 0x0,
    0x0, 0x3f, 0xe0, 0xf, 0xe0, 0x0, 0x0, 0x0,
    0x0, 0x0, 0x0, 0x0, 0xc, 0xf1, 0x9, 0xfa,
    0x0, 0x0, 0x0, 0x0, 0x0, 0x0, 0x0, 0x3f,
    0xe0, 0x1, 0xdf, 0xfc, 0xcc, 0xcc, 0xcc, 0xcc,
    0xcc, 0xcc, 0xff, 0x60, 0x0, 0x9, 0xef, 0xff,
    0xff, 0xff, 0xff, 0xff, 0xff, 0xe6, 0x0, 0x0,
    0x0, 0x0, 0x0, 0x0, 0x0, 0x0, 0x0, 0x0,
    0x0, 0x0,

    /* U+F0594 "󰖔" */
    0x0, 0x0, 0x0, 0x0, 0x0, 0x0, 0x0, 0x0,
    0x0, 0x0, 0x0, 0x0, 0x0, 0x0, 0x0, 0x90,
    0x0, 0x0, 0x0, 0x0, 0x0, 0x0, 0x0, 0x0,
    0x4f, 0x10, 0x0, 0x0, 0x0, 0x0, 0x8, 0xb1,
    0x18, 0x9c, 0xfb, 0x87, 0x0, 0x0, 0x0, 0xa,
    0xff, 0x60, 0x4e, 0xff, 0xfd, 0x20, 0x0, 0x0,
    0x8, 0xff, 0xf6, 0x0, 0x5f, 0xff, 0x10, 0x0,
    0x0, 0x2, 0xff, 0x8f, 0x70, 0x9, 0xe9, 0xf5,
    0x0, 0x0, 0x0, 0x9f, 0x73, 0xfb, 0x0, 0x91,
    0x3, 0x70, 0x0, 0x0, 0xd, 0xf1, 0xf, 0xe0,
    0x0, 0x0, 0x0, 0x3, 0x20, 0x0, 0xfc, 0x0,
    0xaf, 0x70, 0x0, 0x0, 0x12, 0x98, 0x20, 0x2f,
    0xb0, 0x2, 0xfe, 0x20, 0x0, 0x0, 0xaf, 0xf9,
    0x1, 0xfc, 0x0, 0x8, 0xfd, 0x0, 0x0, 0x3,
    0xff, 0x20, 0xf, 0xe0, 0x0, 0xb, 0xfd, 0x20,
    0x0, 0x41, 0x23, 0x0, 0xbf, 0x40, 0x0, 0xa,
    0xff, 0x91, 0x0, 0x0, 0x0, 0x5, 0xfb, 0x0,
    0x0, 0x7, 0xef, 0xfd, 0xaa, 0x91, 0x0, 0xd,
    0xf7, 0x0, 0x0, 0x1, 0x7c, 0xff, 0xff, 0x80,
    0x0, 0x2f, 0xf8, 0x0, 0x0, 0x0, 0x0, 0xaf,
    0xf2, 0x0, 0x0, 0x3e, 0xfd, 0x61, 0x0, 0x16,
    0xdf, 0xe3, 0x0, 0x0, 0x0, 0x2b, 0xff, 0xff,
    0xff, 0xff, 0xb2, 0x0, 0x0, 0x0, 0x0, 0x3,
    0x9c, 0xee, 0xc9, 0x30, 0x0, 0x0, 0x0, 0x0,
    0x0, 0x0, 0x0, 0x0, 0x0, 0x0, 0x0, 0x0,

    /* U+F05A3 "󰖣" */
    0x0, 0x0, 0x0, 0x0, 0x45, 0x54, 0x0, 0x0,
    0x0, 0x0, 0x0, 0x0, 0x2, 0xaf, 0xff, 0xff,
    0xfb, 0x30, 0x0, 0x0, 0x0, 0x0, 0x6f, 0xf8,
    0x42, 0x24, 0x8e, 0xf8, 0x0, 0x0, 0x0, 0x8,
    0xfb, 0x10, 0x0, 0x0, 0x1, 0xaf, 0xa0, 0x0,
    0x0, 0x5f, 0x90, 0x0, 0x0, 0x0, 0x0, 0x8,
    0xf7, 0x0, 0x1, 0xfc, 0x0, 0x55, 0x0, 0x0,
    0x0, 0x0, 0xbf, 0x10, 0x7, 0xf3, 0x4, 0xff,
    0x0, 0x0, 0x0, 0x0, 0x2f, 0x70, 0xc, 0xd0,
    0x8, 0xff, 0x60, 0x0, 0x0, 0x0, 0xc, 0xc0,
    0xf, 0x90, 0x6, 0xff, 0x20, 0x0, 0x0, 0x0,
    0x8, 0xf0, 0xf, 0x80, 0x0, 0xee, 0x10, 0x0,
    0x0, 0x0, 0x6, 0xf1, 0xf, 0x80, 0x0, 0x5f,
    0xb0, 0x0, 0x0, 0x0, 0x7, 0xf0, 0xd, 0xb0,
    0x0, 0x7, 0xfc, 0x34, 0xfb, 0x20, 0x9, 0xe0,
    0x9, 0xf0, 0x0, 0x0, 0x6f, 0xff, 0xff, 0x90,
    0xe, 0xa0, 0x3, 0xf7, 0x0, 0x0, 0x2, 0x9f,
    0xfd, 0x20, 0x7f, 0x40, 0x0, 0xeb, 0x0, 0x0,
    0x0, 0x0, 0x10, 0x3, 0xfb, 0x0, 0x2, 0xf6,
    0x0, 0x0, 0x0, 0x0, 0x0, 0x4e, 0xe1, 0x0,
    0x6, 0xf7, 0x8c, 0x92, 0x0, 0x0, 0x29, 0xfd,
    0x20, 0x0, 0xb, 0xff, 0xfd, 0xff, 0xdb, 0xbd,
    0xff, 0xa0, 0x0, 0x0, 0xc, 0x94, 0x0, 0x27,
    0xbd, 0xdb, 0x82, 0x0, 0x0, 0x0,

    /* U+F05A9 "󰖩" */
    0x0, 0x0, 0x0, 0x26, 0x79, 0x97, 0x62, 0x0,
    0x0, 0x0, 0x0, 0x3, 0xae, 0xff, 0xff, 0xff,
    0xff, 0xea, 0x30, 0x0, 0x2, 0xcf, 0xff, 0xff,
    0xff, 0xff, 0xff, 0xff, 0xfc, 0x20, 0x7f, 0xff,
    0xfe, 0xa6, 0x42, 0x24, 0x6a, 0xef, 0xff, 0xf7,
    0x5f, 0xfd, 0x60, 0x0, 0x0, 0x0, 0x0, 0x6,
    0xdf, 0xf5, 0x9, 0x80, 0x0, 0x0, 0x0, 0x0,
    0x0, 0x0, 0x8, 0x90, 0x0, 0x0, 0x0, 0x6a,
    0xdf, 0xfd, 0xa6, 0x0, 0x0, 0x0, 0x0, 0x0,
    0x7f, 0xff, 0xff, 0xff, 0xff, 0xf8, 0x0, 0x0,
    0x0, 0x5, 0xff, 0xff, 0xec, 0xce, 0xff, 0xff,
    0x50, 0x0, 0x0, 0x0, 0x9f, 0x82, 0x0, 0x0,
    0x28, 0xf9, 0x0, 0x0, 0x0, 0x0, 0x2, 0x0,
    0x0, 0x0, 0x0, 0x20, 0x0, 0x0, 0x0, 0x0,
    0x0, 0x0, 0x47, 0x74, 0x0, 0x0, 0x0, 0x0,
    0x0, 0x0, 0x0, 0x1d, 0xff, 0xff, 0xd1, 0x0,
    0x0, 0x0, 0x0, 0x0, 0x0, 0xa, 0xff, 0xff,
    0xa0, 0x0, 0x0, 0x0, 0x0, 0x0, 0x0, 0x0,
    0xdf, 0xfd, 0x0, 0x0, 0x0, 0x0, 0x0, 0x0,
    0x0, 0x0, 0x2f, 0xf2, 0x0, 0x0, 0x0, 0x0,
    0x0, 0x0, 0x0, 0x0, 0x6, 0x60, 0x0, 0x0,
    0x0, 0x0,

    /* U+F05C3 "󰗃" */
    0x0, 0x16, 0x78, 0x99, 0x9a, 0xaa, 0xa9, 0x98,
    0x61, 0x0, 0x4, 0xff, 0xff, 0xff, 0xff, 0xff,
    0xff, 0xff, 0xff, 0x40, 0xc, 0xff, 0xff, 0xff,
    0xff, 0xff, 0xff, 0xff, 0xff, 0xc0, 0xf, 0xff,
    0xff, 0xff, 0xff, 0xff, 0xff, 0xff, 0xff, 0xf0,
    0x1f, 0xff, 0xff, 0xff, 0x5c, 0xff, 0xff, 0xff,
    0xff, 0xf0, 0x2f, 0xff, 0xff, 0xff, 0x20, 0x5e,
    0xff, 0xff, 0xff, 0xf1, 0x2f, 0xff, 0xff, 0xff,
    0x20, 0x0, 0x9f, 0xff, 0xff, 0xf2, 0x1f, 0xff,
    0xff, 0xff, 0x20, 0x7, 0xff, 0xff, 0xff, 0xf2,
    0x1f, 0xff, 0xff, 0xff, 0x24, 0xdf, 0xff, 0xff,
    0xff, 0xf1, 0xf, 0xff, 0xff, 0xff, 0xcf, 0xff,
    0xff, 0xff, 0xff, 0xf0, 0xe, 0xff, 0xff, 0xff,
    0xff, 0xff, 0xff, 0xff, 0xff, 0xe0, 0x9, 0xff,
    0xff, 0xff, 0xff, 0xff, 0xff, 0xff, 0xff, 0x90,
    0x0, 0x9d, 0xff, 0xff, 0xff, 0xff, 0xff, 0xff,
    0xd9, 0x0, 0x0, 0x0, 0x0, 0x11, 0x22, 0x21,
    0x10, 0x0, 0x0, 0x0,

    /* U+F05D7 "󰗗" */
    0x0, 0x0, 0x9, 0xbb, 0xbb, 0xbb, 0xbb, 0x40,
    0x0, 0x0, 0x0, 0x0, 0xc, 0xff, 0xff, 0xff,
    0xff, 0x50, 0x0, 0x0, 0x0, 0x0, 0x1, 0x11,
    0x11, 0x11, 0x11, 0x0, 0x0, 0x0, 0x0, 0x0,
    0x0, 0x0, 0x0, 0x0, 0x0, 0x0, 0x0, 0x0,
    0x0, 0x0, 0x0, 0xd, 0xdd, 0xdd, 0x70, 0x0,
    0x0, 0x0, 0x24, 0x0, 0x0, 0xf, 0xff, 0xff,
    0x80, 0x0, 0x0, 0x42, 0x2f, 0x30, 0x0, 0x0,
    0x0, 0x0, 0x0, 0x0, 0x4, 0xf3, 0x2f, 0xe2,
    0x0, 0x0, 0x0, 0x0, 0x0, 0x0, 0x4f, 0xf3,
    0x2f, 0xfe, 0x1c, 0xff, 0xff, 0xff, 0xff, 0x54,
    0xff, 0xf3, 0x2f, 0xfa, 0x9, 0xcc, 0xcc, 0xcc,
    0xcc, 0x41, 0xdf, 0xf3, 0x2f, 0xa0, 0x0, 0x0,
    0x0, 0x0, 0x0, 0x0, 0xb, 0xf3, 0x29, 0x0,
    0x0, 0xb, 0xbb, 0xbb, 0x60, 0x0, 0x0, 0x93,
    0x0, 0x0, 0x0, 0xf, 0xff, 0xff, 0x80, 0x0,
    0x0, 0x0, 0x0, 0x0, 0x0, 0x1, 0x11, 0x11,
    0x10, 0x0, 0x0, 0x0, 0x0, 0x0, 0x0, 0x0,
    0x0, 0x0, 0x0, 0x0, 0x0, 0x0, 0x0, 0x0,
    0xa, 0xdd, 0xdd, 0xdd, 0xdd, 0x50, 0x0, 0x0,
    0x0, 0x0, 0xc, 0xff, 0xff, 0xff, 0xff, 0x50,
    0x0, 0x0,

    /* U+F05F6 "󰗶" */
    0x0, 0x0, 0x46, 0x62, 0x0, 0x0, 0x26, 0x64,
    0x0, 0x0, 0x0, 0x2d, 0xff, 0xff, 0xb1, 0x1b,
    0xff, 0xff, 0xd2, 0x0, 0x2, 0xef, 0xff, 0xff,
    0xfc, 0xcf, 0xff, 0xff, 0xff, 0x20, 0xa, 0xff,
    0xff, 0x6a, 0xff, 0xff, 0xff, 0xff, 0xff, 0xa0,
    0xf, 0xff, 0xfa, 0x1, 0xff, 0xff, 0xff, 0xff,
    0xff, 0xf0, 0x2f, 0xff, 0xf4, 0x10, 0xbf, 0xff,
    0xff, 0xff, 0xff, 0xf1, 0xf, 0xff, 0xd0, 0x92,
    0x5f, 0xff, 0xff, 0xff, 0xff, 0xf0, 0x0, 0x0,
    0x1, 0xf8, 0xe, 0x20, 0x0, 0x0, 0x0, 0x0,
    0xa, 0xcc, 0xce, 0xfe, 0x2, 0xa, 0xcc, 0xcc,
    0xcc, 0xa0, 0xe, 0xff, 0xff, 0xff, 0x50, 0x3f,
    0xff, 0xff, 0xff, 0xe1, 0x0, 0x0, 0x8f, 0xff,
    0xc1, 0xbf, 0xff, 0xf8, 0x0, 0x0, 0x0, 0x0,
    0x8, 0xff, 0xff, 0xff, 0xff, 0x80, 0x0, 0x0,
    0x0, 0x0, 0x0, 0x8f, 0xff, 0xff, 0xf8, 0x0,
    0x0, 0x0, 0x0, 0x0, 0x0, 0x8, 0xff, 0xff,
    0x80, 0x0, 0x0, 0x0, 0x0, 0x0, 0x0, 0x0,
    0x8f, 0xf8, 0x0, 0x0, 0x0, 0x0, 0x0, 0x0,
    0x0, 0x0, 0x6, 0x60, 0x0, 0x0, 0x0, 0x0,

    /* U+F066F "󰙯" */
    0x0, 0x0, 0x0, 0x45, 0x0, 0x0, 0x0, 0x0,
    0x0, 0x0, 0xbf, 0x10, 0x0, 0x0, 0x0, 0x0,
    0x0, 0xbf, 0x10, 0x0, 0x0, 0x0, 0x0, 0x0,
    0xbf, 0x10, 0x0, 0x0, 0x0, 0x0, 0x0, 0xbf,
    0x10, 0x0, 0x0, 0x0, 0x0, 0x0, 0xbf, 0x10,
    0x0, 0x0, 0x0, 0x0, 0x39, 0xef, 0xb6, 0x0,
    0x0, 0x0, 0x9, 0xff, 0xff, 0xff, 0xc2, 0x0,
    0x0, 0x0, 0x0, 0x0, 0x0, 0x0, 0x0, 0x0,
    0x0, 0x0, 0x0, 0x0, 0x0, 0x0, 0x4, 0x44,
    0x44, 0x44, 0x44, 0x44, 0x41, 0x2f, 0xff, 0xff,
    0xff, 0xff, 0xff, 0xf6, 0x3f, 0xff, 0xff, 0xff,
    0xff, 0xff, 0xf8, 0x1f, 0xff, 0xff, 0xff, 0xff,
    0xff, 0xf7, 0xe, 0xff, 0xff, 0xff, 0xff, 0xff,
    0xf3, 0x7, 0xff, 0xff, 0xff, 0xff, 0xff, 0xd0,
    0x0, 0xcf, 0xff, 0xff, 0xff, 0xff, 0x30, 0x0,
    0x1b, 0xff, 0xff, 0xff, 0xe4, 0x0, 0x0, 0x0,
    0x5b, 0xde, 0xc7, 0x10, 0x0,

    /* U+F0746 "󰝆" */
    0x3, 0x33, 0x10, 0x1, 0x33, 0x30, 0xf, 0xff,
    0xd0, 0xa, 0xff, 0xf0, 0xf, 0xff, 0xf3, 0xa,
    0xff, 0xf0, 0xf, 0xff, 0xf8, 0xa, 0xff, 0xf0,
    0xf, 0xff, 0xfd, 0xa, 0xff, 0xf0, 0xf, 0xff,
    0xff, 0x3a, 0xff, 0xf0, 0xf, 0xff, 0xff, 0x8a,
    0xff, 0xf0, 0xf, 0xff, 0xff, 0xda, 0xff, 0xf0,
    0xf, 0xff, 0xff, 0xfd, 0xff, 0xf0, 0xf, 0xff,
    0xff, 0xff, 0xff, 0xf0, 0xf, 0xff, 0xff, 0xff,
    0xff, 0xf0, 0xf, 0xff, 0xcf, 0xff, 0xff, 0xf0,
    0xf, 0xff, 0x9d, 0xff, 0xff, 0xf0, 0xf, 0xff,
    0x97, 0xff, 0xff, 0xf0, 0xf, 0xff, 0x92, 0xff,
    0xff, 0xf0, 0xf, 0xff, 0x90, 0xdf, 0xff, 0xf0,
    0xf, 0xff, 0x90, 0x7f, 0xff, 0xf0, 0xf, 0xff,
    0x90, 0x2f, 0xff, 0xf0, 0xf, 0xfe, 0x70, 0xa,
    0xde, 0xf0, 0x1, 0x0, 0x0, 0x0, 0x0, 0x0,

    /* U+F075A "󰝚" */
    0x0, 0x0, 0x0, 0x0, 0x0, 0x0, 0x0, 0x0,
    0x25, 0x0, 0x0, 0x0, 0x0, 0x0, 0x0, 0x14,
    0x8b, 0xff, 0xf1, 0x0, 0x0, 0x0, 0x3, 0x7a,
    0xef, 0xff, 0xff, 0xff, 0x10, 0x0, 0x0, 0xaf,
    0xff, 0xff, 0xff, 0xff, 0xde, 0xf1, 0x0, 0x0,
    0xc, 0xff, 0xff, 0xea, 0x74, 0x0, 0xcf, 0x10,
    0x0, 0x0, 0xcf, 0x84, 0x10, 0x0, 0x0, 0xc,
    0xf1, 0x0, 0x0, 0xc, 0xf1, 0x0, 0x0, 0x0,
    0x0, 0xcf, 0x10, 0x0, 0x0, 0xcf, 0x10, 0x0,
    0x0, 0x0, 0xc, 0xf1, 0x0, 0x0, 0xc, 0xf1,
    0x0, 0x0, 0x0, 0x22, 0xcf, 0x10, 0x0, 0x0,
    0xcf, 0x10, 0x0, 0x3, 0xdf, 0xff, 0xf1, 0x0,
    0x15, 0x5c, 0xf1, 0x0, 0x0, 0xef, 0xff, 0xff,
    0x10, 0x5f, 0xff, 0xff, 0x10, 0x0, 0x3f, 0xff,
    0xff, 0xf1, 0x1f, 0xff, 0xff, 0xf1, 0x0, 0x3,
    0xff, 0xff, 0xff, 0x4, 0xff, 0xff, 0xff, 0x10,
    0x0, 0xd, 0xff, 0xff, 0x90, 0x3f, 0xff, 0xff,
    0xe0, 0x0, 0x0, 0x2c, 0xff, 0xa0, 0x0, 0xcf,
    0xff, 0xf8, 0x0, 0x0, 0x0, 0x1, 0x0, 0x0,
    0x1, 0xae, 0xe7, 0x0, 0x0, 0x0, 0x0, 0x0,
    0x0, 0x0,

    /* U+F075B "󰝛" */
    0x0, 0x0, 0x0, 0x0, 0x0, 0x0, 0x0, 0x0,
    0x25, 0x0, 0x41, 0x0, 0x0, 0x0, 0x0, 0x14,
    0x8b, 0xff, 0xf1, 0x1f, 0xd1, 0x0, 0x3, 0x7a,
    0xdf, 0xff, 0xff, 0xff, 0x10, 0x6f, 0xd1, 0xb,
    0xff, 0xff, 0xff, 0xff, 0xde, 0xf1, 0x0, 0x6f,
    0xd1, 0xb, 0xff, 0xea, 0x74, 0x0, 0xcf, 0x10,
    0x0, 0x6f, 0xd1, 0x4, 0x10, 0x0, 0x0, 0xc,
    0xf1, 0x0, 0x0, 0x6f, 0xd1, 0x0, 0x0, 0x0,
    0x0, 0xcf, 0x10, 0x0, 0x0, 0xcf, 0xd1, 0x0,
    0x0, 0x0, 0xc, 0xf1, 0x0, 0x0, 0xc, 0xff,
    0xd1, 0x0, 0x0, 0x32, 0xcf, 0x10, 0x0, 0x0,
    0xcf, 0x8f, 0xd1, 0x2, 0xdf, 0xff, 0xf1, 0x0,
    0x15, 0x5c, 0xf1, 0x6f, 0xd1, 0xb, 0xff, 0xff,
    0x10, 0x5f, 0xff, 0xff, 0x10, 0x6f, 0xd1, 0xb,
    0xff, 0xf1, 0x1f, 0xff, 0xff, 0xf1, 0x0, 0x6f,
    0xd1, 0xb, 0xff, 0x4, 0xff, 0xff, 0xff, 0x10,
    0x0, 0x6f, 0xd1, 0xb, 0x90, 0x3f, 0xff, 0xff,
    0xe0, 0x0, 0x0, 0x6f, 0xd1, 0x0, 0x0, 0xcf,
    0xff, 0xf8, 0x0, 0x0, 0x0, 0x6f, 0xd1, 0x0,
    0x1, 0xae, 0xe7, 0x0, 0x0, 0x0, 0x0, 0x6f,
    0xd0, 0x0, 0x0, 0x0, 0x0, 0x0, 0x0, 0x0,
    0x0, 0x66, 0x0,

    /* U+F075D "󰝝" */
    0x0, 0x0, 0x0, 0x0, 0x30, 0x0, 0x0, 0x0,
    0x0, 0x0, 0x0, 0x0, 0x0, 0x3e, 0x0, 0x0,
    0x0, 0x0, 0x0, 0x0, 0x0, 0x0, 0x3e, 0xf0,
    0x0, 0x0, 0x0, 0x0, 0x0, 0x0, 0x0, 0x3e,
    0xff, 0x0, 0x0, 0x0, 0x0, 0x0, 0x0, 0x0,
    0x3e, 0xff, 0xf0, 0x0, 0x6, 0xf6, 0x0, 0x4,
    0xff, 0xff, 0xff, 0xff, 0x0, 0x0, 0x6f, 0x60,
    0x0, 0x4f, 0xff, 0xff, 0xff, 0xf0, 0x3, 0x38,
    0xf8, 0x33, 0x4, 0xff, 0xff, 0xff, 0xff, 0x2,
    0xff, 0xff, 0xff, 0xf2, 0x4f, 0xff, 0xff, 0xff,
    0xf0, 0x19, 0x9c, 0xfc, 0x99, 0x14, 0xff, 0xff,
    0xff, 0xff, 0x0, 0x0, 0x6f, 0x60, 0x0, 0x17,
    0x77, 0xaf, 0xff, 0xf0, 0x0, 0x6, 0xf6, 0x0,
    0x0, 0x0, 0x0, 0x8f, 0xff, 0x0, 0x0, 0x25,
    0x20, 0x0, 0x0, 0x0, 0x0, 0x8f, 0xf0, 0x0,
    0x0, 0x0, 0x0, 0x0, 0x0, 0x0, 0x0, 0x8f,
    0x0, 0x0, 0x0, 0x0, 0x0, 0x0, 0x0, 0x0,
    0x0, 0x80, 0x0, 0x0, 0x0, 0x0, 0x0, 0x0,
    0x0, 0x0, 0x0, 0x0, 0x0, 0x0, 0x0, 0x0,

    /* U+F075E "󰝞" */
    0x0, 0x0, 0x0, 0x0, 0x20, 0x0, 0x0, 0x0,
    0x0, 0x0, 0x0, 0x0, 0x0, 0x2e, 0x0, 0x0,
    0x0, 0x0, 0x0, 0x0, 0x0, 0x0, 0x2e, 0xf0,
    0x0, 0x0, 0x0, 0x0, 0x0, 0x0, 0x0, 0x2e,
    0xff, 0x0, 0x0, 0x0, 0x0, 0x0, 0x0, 0x0,
    0x2e, 0xff, 0xf0, 0x0, 0x0, 0x0, 0x0, 0x4,
    0xff, 0xff, 0xff, 0xff, 0x0, 0x0, 0x0, 0x0,
    0x0, 0x4f, 0xff, 0xff, 0xff, 0xf0, 0x2, 0x22,
    0x22, 0x22, 0x4, 0xff, 0xff, 0xff, 0xff, 0x2,
    0xff, 0xff, 0xff, 0xf2, 0x4f, 0xff, 0xff, 0xff,
    0xf0, 0x1a, 0xaa, 0xaa, 0xaa, 0x14, 0xff, 0xff,
    0xff, 0xff, 0x0, 0x0, 0x0, 0x0, 0x0, 0x28,
    0x88, 0xaf, 0xff, 0xf0, 0x0, 0x0, 0x0, 0x0,
    0x0, 0x0, 0x0, 0x9f, 0xff, 0x0, 0x0, 0x0,
    0x0, 0x0, 0x0, 0x0, 0x0, 0x9f, 0xf0, 0x0,
    0x0, 0x0, 0x0, 0x0, 0x0, 0x0, 0x0, 0x9f,
    0x0, 0x0, 0x0, 0x0, 0x0, 0x0, 0x0, 0x0,
    0x0, 0x90, 0x0, 0x0, 0x0, 0x0, 0x0, 0x0,
    0x0, 0x0, 0x0, 0x0, 0x0, 0x0, 0x0, 0x0,

    /* U+F075F "󰝟" */
    0x0, 0x0, 0x0, 0x0, 0x20, 0x0, 0x0, 0x0,
    0x0, 0x0, 0x0, 0x0, 0x0, 0x2e, 0x0, 0x0,
    0x0, 0x0, 0x0, 0x0, 0x0, 0x0, 0x2e, 0xf0,
    0x0, 0x0, 0x0, 0x0, 0x0, 0x0, 0x0, 0x2e,
    0xff, 0x0, 0x0, 0x0, 0x0, 0x0, 0x0, 0x0,
    0x2e, 0xff, 0xf0, 0x4, 0x80, 0x0, 0x84, 0x4,
    0xff, 0xff, 0xff, 0xff, 0x0, 0xdf, 0x80, 0x8f,
    0xd0, 0x4f, 0xff, 0xff, 0xff, 0xf0, 0x2, 0xef,
    0xcf, 0xe2, 0x4, 0xff, 0xff, 0xff, 0xff, 0x0,
    0x2, 0xff, 0xf2, 0x0, 0x4f, 0xff, 0xff, 0xff,
    0xf0, 0x0, 0x8f, 0xff, 0x80, 0x4, 0xff, 0xff,
    0xff, 0xff, 0x0, 0x8f, 0xe4, 0xef, 0x80, 0x28,
    0x88, 0xaf, 0xff, 0xf0, 0xb, 0xe2, 0x2, 0xeb,
    0x0, 0x0, 0x0, 0x9f, 0xff, 0x0, 0x2, 0x0,
    0x2, 0x0, 0x0, 0x0, 0x0, 0x9f, 0xf0, 0x0,
    0x0, 0x0, 0x0, 0x0, 0x0, 0x0, 0x0, 0x9f,
    0x0, 0x0, 0x0, 0x0, 0x0, 0x0, 0x0, 0x0,
    0x0, 0x90, 0x0, 0x0, 0x0, 0x0, 0x0, 0x0,
    0x0, 0x0, 0x0, 0x0, 0x0, 0x0, 0x0, 0x0,

    /* U+F07DC "󰟜" */
    0x0, 0x7, 0x99, 0x99, 0x99, 0x99, 0x99, 0x20,
    0x0, 0x7f, 0xff, 0xff, 0xff, 0xff, 0xff, 0xd0,
    0x0, 0xaf, 0xf4, 0x2e, 0x24, 0xd2, 0xbf, 0xf1,
    0x0, 0xaf, 0xf1, 0xe, 0x1, 0xc0, 0xaf, 0xf1,
    0x0, 0xaf, 0xf1, 0xe, 0x1, 0xc0, 0xaf, 0xf1,
    0x0, 0xaf, 0xf1, 0xe, 0x1, 0xc0, 0xaf, 0xf1,
    0x0, 0xaf, 0xfd, 0xdf, 0xdd, 0xfd, 0xff, 0xf1,
    0x0, 0xaf, 0xff, 0xff, 0xff, 0xff, 0xff, 0xf1,
    0x0, 0xaf, 0xff, 0xff, 0xff, 0xff, 0xff, 0xf1,
    0x5, 0xff, 0xff, 0xff, 0xff, 0xff, 0xff, 0xf1,
    0x5f, 0xff, 0xff, 0xff, 0xff, 0xff, 0xff, 0xf1,
    0x9f, 0xff, 0xff, 0xff, 0xff, 0xff, 0xff, 0xf1,
    0x9f, 0xff, 0xff, 0xff, 0xff, 0xff, 0xff, 0xf1,
    0x9f, 0xff, 0xff, 0xff, 0xff, 0xff, 0xff, 0xf1,
    0x9f, 0xff, 0xff, 0xff, 0xff, 0xff, 0xff, 0xf1,
    0x9f, 0xff, 0xff, 0xff, 0xff, 0xff, 0xff, 0xf1,
    0x9f, 0xff, 0xff, 0xff, 0xff, 0xff, 0xff, 0xf1,
    0x8f, 0xff, 0xff, 0xff, 0xff, 0xff, 0xff, 0xf0,
    0x1c, 0xff, 0xff, 0xff, 0xff, 0xff, 0xfe, 0x60,

    /* U+F0813 "󰠓" */
    0x0, 0x0, 0x0, 0x1, 0x46, 0x64, 0x10, 0x0,
    0x0, 0x0, 0x0, 0x0, 0x3, 0xbf, 0xff, 0xff,
    0xfb, 0x30, 0x0, 0x0, 0x0, 0x0, 0x9f, 0xff,
    0xff, 0xff, 0xff, 0xf9, 0x0, 0x0, 0x0, 0xa,
    0xff, 0xff, 0xfe, 0xff, 0xff, 0xff, 0xa0, 0x0,
    0x0, 0x8f, 0xff, 0xff, 0xf7, 0x78, 0xcf, 0xff,
    0xf8, 0x0, 0x2, 0xff, 0xff, 0xf1, 0x41, 0x81,
    0xdf, 0xff, 0xff, 0x20, 0x9, 0xff, 0xff, 0xfd,
    0x0, 0x0, 0x5e, 0xff, 0xff, 0x80, 0xe, 0xff,
    0xff, 0xfe, 0x3, 0xf9, 0x2, 0xff, 0xff, 0xe0,
    0x1f, 0xff, 0xff, 0xfa, 0x6, 0xfe, 0x0, 0xff,
    0xff, 0xf1, 0x2f, 0xff, 0xff, 0xf6, 0x0, 0x0,
    0x9, 0xff, 0xff, 0xf2, 0x2f, 0xff, 0xff, 0xf3,
    0xf, 0xc3, 0x9, 0xff, 0xff, 0xf1, 0xf, 0xff,
    0xfc, 0x70, 0x3f, 0xfb, 0x3, 0xff, 0xff, 0xf0,
    0xb, 0xff, 0xfa, 0x30, 0x4, 0x51, 0x7, 0xff,
    0xff, 0xb0, 0x5, 0xff, 0xff, 0xf3, 0x80, 0x32,
    0x6e, 0xff, 0xff, 0x50, 0x0, 0xdf, 0xff, 0xf3,
    0xd1, 0xff, 0xff, 0xff, 0xfd, 0x0, 0x0, 0x2f,
    0xff, 0xff, 0xfc, 0xff, 0xff, 0xff, 0xf2, 0x0,
    0x0, 0x4, 0xff, 0xff, 0xff, 0xff, 0xff, 0xff,
    0x40, 0x0, 0x0, 0x0, 0x2b, 0xff, 0xff, 0xff,
    0xff, 0xb2, 0x0, 0x0, 0x0, 0x0, 0x0, 0x39,
    0xce, 0xec, 0x93, 0x0, 0x0, 0x0, 0x0, 0x0,
    0x0, 0x0, 0x0, 0x0, 0x0, 0x0, 0x0, 0x0,

    /* U+F0818 "󰠘" */
    0x3, 0xab, 0xbb, 0xbb, 0xbb, 0xbb, 0xbb, 0x30,
    0x0, 0xe, 0xff, 0xff, 0xff, 0xff, 0xff, 0xff,
    0xf3, 0x0, 0x1f, 0xc1, 0x11, 0x11, 0x11, 0x11,
    0x17, 0xff, 0x30, 0x1f, 0xc5, 0xff, 0xff, 0xff,
    0xff, 0x20, 0x7f, 0xf3, 0x1f, 0xc5, 0xff, 0xff,
    0xff, 0xff, 0x20, 0x8, 0xfa, 0x1f, 0xc5, 0xff,
    0xff, 0xff, 0xff, 0x20, 0x3, 0xfa, 0x1f, 0xc4,
    0xee, 0xee, 0xee, 0xee, 0x20, 0x3, 0xfa, 0x1f,
    0xc0, 0x0, 0x0, 0x0, 0x0, 0x0, 0x3, 0xfa,
    0x1f, 0xc0, 0x0, 0x0, 0x12, 0x0, 0x0, 0x3,
    0xfa, 0x1f, 0xc0, 0x0, 0x9, 0xff, 0xd2, 0x0,
    0x3, 0xfa, 0x1f, 0xc0, 0x0, 0x5f, 0xff, 0xfb,
    0x0, 0x3, 0xfa, 0x1f, 0xc0, 0x0, 0x8f, 0xff,
    0xfd, 0x0, 0x3, 0xfa, 0x1f, 0xc0, 0x0, 0x5f,
    0xff, 0xfb, 0x0, 0x3, 0xfa, 0x1f, 0xc0, 0x0,
    0x9, 0xff, 0xd2, 0x0, 0x3, 0xfa, 0x1f, 0xc0,
    0x0, 0x0, 0x12, 0x0, 0x0, 0x3, 0xfa, 0xf,
    0xfd, 0xdd, 0xdd, 0xdd, 0xdd, 0xdd, 0xde, 0xf8,
    0x6, 0xff, 0xff, 0xff, 0xff, 0xff, 0xff, 0xff,
    0xc1,

    /* U+F0849 "󰡉" */
    0x0, 0x0, 0x0, 0x0, 0x0, 0x11, 0x0, 0x0,
    0x0, 0x0, 0x0, 0x0, 0x0, 0x0, 0x0, 0x2c,
    0xff, 0xc1, 0x0, 0x0, 0x0, 0x0, 0x0, 0x0,
    0x0, 0x0, 0xcf, 0xff, 0xfc, 0x0, 0x0, 0x0,
    0x0, 0x0, 0x1a, 0xdb, 0x2, 0xff, 0xff, 0xff,
    0x10, 0xbd, 0xa1, 0x0, 0x0, 0xcf, 0xff, 0x2,
    0xff, 0xff, 0xff, 0x10, 0xff, 0xfc, 0x0, 0x1,
    0xff, 0xff, 0x30, 0xcf, 0xff, 0xfc, 0x3, 0xff,
    0xff, 0x10, 0x0, 0xff, 0xff, 0xa0, 0x2c, 0xff,
    0xc2, 0xa, 0xff, 0xff, 0x0, 0x0, 0x8f, 0xff,
    0xb0, 0x0, 0x22, 0x0, 0xb, 0xff, 0xf8, 0x0,
    0x0, 0x5, 0x86, 0x0, 0x0, 0x0, 0x0, 0x0,
    0x68, 0x50, 0x0, 0x0, 0x0, 0x0, 0x4, 0x9d,
    0xee, 0xd9, 0x40, 0x0, 0x0, 0x0, 0x2, 0x99,
    0x1, 0xbf, 0xff, 0xff, 0xff, 0xfb, 0x10, 0x99,
    0x20, 0x6f, 0xf6, 0xa, 0xff, 0xff, 0xff, 0xff,
    0xff, 0xa0, 0x6f, 0xf6, 0xff, 0xf3, 0xf, 0xff,
    0xff, 0xff, 0xff, 0xff, 0xf0, 0x3f, 0xff, 0xff,
    0xf3, 0xf, 0xff, 0xff, 0xff, 0xff, 0xff, 0xf0,
    0x3f, 0xff, 0x11, 0x10, 0x1, 0x11, 0x11, 0x11,
    0x11, 0x11, 0x10, 0x1, 0x11,

    /* U+F0952 "󰥒" */
    0x0, 0x11, 0x11, 0x11, 0x11, 0x11, 0x0, 0x0,
    0x0, 0x0, 0x8, 0xff, 0xff, 0xff, 0xff, 0xff,
    0xf3, 0x0, 0x0, 0x0, 0xf, 0xff, 0xff, 0xff,
    0xff, 0xff, 0xfa, 0x0, 0x0, 0x0, 0x1f, 0xe9,
    0x99, 0x99, 0x99, 0x9a, 0xfb, 0x0, 0x0, 0x0,
    0x1f, 0xb0, 0x0, 0x0, 0x0, 0x1, 0xfb, 0x0,
    0x0, 0x0, 0x1f, 0xb0, 0x0, 0x0, 0x0, 0x1,
    0xfb, 0x0, 0x0, 0x0, 0x1f, 0xb0, 0x0, 0x0,
    0x0, 0x1, 0xfb, 0x0, 0x0, 0x0, 0x1f, 0xb0,
    0x0, 0x0, 0x0, 0x1, 0xfb, 0x0, 0x2c, 0x10,
    0x1f, 0xb0, 0x0, 0x0, 0x0, 0x1, 0xfb, 0x0,
    0x1d, 0x90, 0x1f, 0xb0, 0x0, 0x0, 0x0, 0x1,
    0xfb, 0x1d, 0x16, 0xf0, 0x1f, 0xb0, 0x0, 0x0,
    0x0, 0x1, 0xfb, 0xf, 0x53, 0xf2, 0x1f, 0xb0,
    0x0, 0x0, 0x0, 0x1, 0xfb, 0x2f, 0x44, 0xf1,
    0x1f, 0xb0, 0x0, 0x0, 0x0, 0x1, 0xfb, 0x6,
    0x9, 0xd0, 0x1f, 0xb0, 0x0, 0x0, 0x0, 0x1,
    0xfb, 0x0, 0x3f, 0x60, 0x1f, 0xb0, 0x0, 0x0,
    0x0, 0x1, 0xfb, 0x0, 0x5, 0x0, 0x1f, 0xb0,
    0x0, 0x0, 0x0, 0x1, 0xfb, 0x0, 0x0, 0x0,
    0x1f, 0xb0, 0x0, 0x0, 0x0, 0x1, 0xfb, 0x0,
    0x0, 0x0, 0x1f, 0xb0, 0x0, 0x0, 0x0, 0x1,
    0xfb, 0x0, 0x0, 0x0, 0x1f, 0xff, 0xff, 0xff,
    0xff, 0xff, 0xfb, 0x0, 0x0, 0x0, 0xf, 0xff,
    0xff, 0xff, 0xff, 0xff, 0xf9, 0x0, 0x0, 0x0,
    0x4, 0xbc, 0xcc, 0xcc, 0xcc, 0xcc, 0xa1, 0x0,
    0x0, 0x0,

    /* U+F0A05 "󰨅" */
    0x4, 0xbc, 0xcc, 0xcc, 0xcc, 0xcc, 0xa1, 0x0,
    0xf, 0xff, 0xff, 0xff, 0xff, 0xff, 0xf9, 0x0,
    0x1f, 0xfa, 0xc, 0x30, 0xe0, 0x1f, 0xfb, 0x0,
    0x1f, 0xf9, 0xb, 0x20, 0xe0, 0xf, 0xfb, 0x0,
    0x1f, 0xf9, 0xb, 0x20, 0xe0, 0xf, 0xfb, 0x0,
    0x1f, 0xfa, 0x1c, 0x31, 0xe1, 0x1f, 0xfb, 0x0,
    0x1f, 0xff, 0xff, 0xff, 0xff, 0xff, 0xff, 0x50,
    0x1f, 0xff, 0xff, 0xff, 0xff, 0xff, 0xff, 0xf4,
    0x1f, 0xff, 0xff, 0xff, 0xff, 0xff, 0xff, 0xf8,
    0x1f, 0xff, 0xff, 0xff, 0xff, 0xff, 0xff, 0xf8,
    0x1f, 0xff, 0xff, 0xff, 0xff, 0xff, 0xff, 0xf8,
    0x1f, 0xff, 0xff, 0xff, 0xff, 0xff, 0xff, 0xf8,
    0x1f, 0xff, 0xff, 0xff, 0xff, 0xff, 0xff, 0xf8,
    0x1f, 0xff, 0xff, 0xff, 0xff, 0xff, 0xff, 0xf8,
    0x8, 0xff, 0xff, 0xff, 0xff, 0xff, 0xff, 0xd1,
    0x0, 0x1, 0x11, 0x11, 0x11, 0x11, 0x11, 0x0,

    /* U+F0A06 "󰨆" */
    0x3, 0xab, 0xbb, 0xbb, 0xbb, 0xbb, 0xbb, 0xbb,
    0x60, 0xe, 0xff, 0xff, 0xff, 0xff, 0xff, 0xff,
    0xff, 0xf4, 0x1f, 0xff, 0xff, 0xc6, 0x32, 0x49,
    0xff, 0xff, 0xf6, 0x1f, 0xff, 0xf5, 0x0, 0x0,
    0x0, 0x2d, 0xff, 0xf6, 0x1f, 0xff, 0x40, 0x0,
    0x0, 0x0, 0x1, 0xdf, 0xf6, 0x1f, 0xf9, 0x0,
    0x0, 0x0, 0x0, 0x0, 0x4f, 0xf6, 0x1f, 0xf2,
    0x0, 0x0, 0x0, 0x0, 0x1, 0x1d, 0xf6, 0x1f,
    0xe0, 0x0, 0x3, 0xef, 0x70, 0xef, 0xff, 0xf6,
    0x1f, 0xc0, 0x0, 0x9, 0xff, 0xf1, 0xff, 0xff,
    0xf6, 0x1f, 0xd0, 0x0, 0x7, 0xff, 0xc0, 0xff,
    0xff, 0xf6, 0x1f, 0xf1, 0x0, 0x0, 0x68, 0x10,
    0x79, 0x9e, 0xf6, 0x1f, 0xf7, 0x0, 0x0, 0x0,
    0x0, 0x0, 0x1f, 0xf6, 0x1f, 0xfe, 0x20, 0x0,
    0x0, 0x0, 0x0, 0xaf, 0xf6, 0x1f, 0xff, 0xd2,
    0x0, 0x0, 0x0, 0x8, 0xff, 0xf6, 0x1f, 0xff,
    0xfe, 0x71, 0x0, 0x4, 0xcf, 0xff, 0xf6, 0xf,
    0xff, 0xff, 0xff, 0xed, 0xff, 0xff, 0xff, 0xf5,
    0x6, 0xff, 0xff, 0xff, 0xff, 0xff, 0xff, 0xff,
    0xb0,

    /* U+F0A7A "󰩺" */
    0x0, 0x0, 0x5, 0xbb, 0xbb, 0xa0, 0x0, 0x0,
    0x1c, 0xcc, 0xce, 0xff, 0xff, 0xfc, 0xcc, 0xc7,
    0x1f, 0xff, 0xff, 0xff, 0xff, 0xff, 0xff, 0xf8,
    0x3, 0xfa, 0x0, 0x0, 0x0, 0x0, 0x3f, 0xa0,
    0x2, 0xf9, 0x0, 0x0, 0x0, 0x0, 0x2f, 0x90,
    0x2, 0xf9, 0x8, 0xf4, 0xd, 0xe0, 0x2f, 0x90,
    0x2, 0xf9, 0x8, 0xf4, 0xd, 0xf0, 0x2f, 0x90,
    0x2, 0xf9, 0x8, 0xf4, 0xd, 0xf0, 0x2f, 0x90,
    0x2, 0xf9, 0x8, 0xf4, 0xd, 0xf0, 0x2f, 0x90,
    0x2, 0xf9, 0x8, 0xf4, 0xd, 0xf0, 0x2f, 0x90,
    0x2, 0xf9, 0x8, 0xf4, 0xd, 0xf0, 0x2f, 0x90,
    0x2, 0xf9, 0x8, 0xf4, 0xd, 0xf0, 0x2f, 0x90,
    0x2, 0xf9, 0x8, 0xf4, 0xd, 0xf0, 0x2f, 0x90,
    0x2, 0xf9, 0x2, 0x41, 0x4, 0x40, 0x2f, 0x90,
    0x2, 0xf9, 0x0, 0x0, 0x0, 0x0, 0x2f, 0x90,
    0x1, 0xff, 0xdd, 0xdd, 0xdd, 0xdd, 0xdf, 0x80,
    0x0, 0x8f, 0xff, 0xff, 0xff, 0xff, 0xfc, 0x10,

    /* U+F0B2E "󰬮" */
    0x2, 0x99, 0x99, 0x99, 0x99, 0x99, 0x99, 0x20,
    0x0, 0xd, 0xff, 0xff, 0xff, 0xff, 0xff, 0xff,
    0xe2, 0x0, 0x1f, 0xc2, 0x22, 0x22, 0x22, 0x22,
    0x28, 0xfe, 0x20, 0x1f, 0xc4, 0xee, 0xee, 0xee,
    0xee, 0x10, 0x8f, 0xe2, 0x1f, 0xc5, 0xff, 0xff,
    0xff, 0xff, 0x20, 0x9, 0xfa, 0x1f, 0xc5, 0xff,
    0xff, 0xff, 0xff, 0x20, 0x3, 0xfa, 0x1f, 0xc5,
    0xff, 0xff, 0xff, 0xff, 0x20, 0x3, 0xfa, 0x1f,
    0xc0, 0x0, 0x0, 0x0, 0x0, 0x0, 0x3, 0xfa,
    0x1f, 0xc0, 0x0, 0x0, 0x1, 0x0, 0x0, 0x3,
    0xfa, 0x1f, 0xc0, 0x0, 0x8, 0xff, 0xc1, 0x0,
    0x3, 0xfa, 0x1f, 0xc0, 0x0, 0x5f, 0xff, 0xfa,
    0x0, 0x3, 0xfa, 0x1f, 0xc0, 0x0, 0x8f, 0xff,
    0xfd, 0x0, 0x3, 0xfa, 0x1f, 0xc0, 0x0, 0x5f,
    0xff, 0xfb, 0x0, 0x3, 0xfa, 0x1f, 0xc0, 0x0,
    0xa, 0xff, 0xe2, 0x0, 0x3, 0xfa, 0x1f, 0xc0,
    0x0, 0x0, 0x23, 0x0, 0x0, 0x3, 0xfa, 0xf,
    0xfc, 0xcc, 0xcc, 0xcc, 0xcc, 0xcc, 0xcd, 0xf9,
    0x7, 0xff, 0xff, 0xff, 0xff, 0xff, 0xff, 0xff,
    0xd2, 0x0, 0x0, 0x0, 0x0, 0x0, 0x0, 0x0,
    0x0, 0x0, 0x0, 0x0, 0x2, 0x0, 0x12, 0x0,
    0x22, 0x0, 0x0, 0x0, 0x0, 0x6f, 0x60, 0xbf,
    0x11, 0xff, 0x0, 0x0, 0x0, 0x0, 0x4b, 0x40,
    0x8b, 0x0, 0xbb, 0x0, 0x0,

    /* U+F0C7A "󰱺" */
    0x0, 0x0, 0x6, 0x88, 0x88, 0x88, 0x88, 0x60,
    0x0, 0x0, 0x0, 0x0, 0x5f, 0xff, 0xff, 0xff,
    0xff, 0xf5, 0x0, 0x0, 0x0, 0x0, 0xef, 0xff,
    0xf8, 0x7f, 0xff, 0xfe, 0x0, 0x0, 0x0, 0x7,
    0xff, 0xfa, 0x10, 0x1, 0x9f, 0xff, 0x70, 0x0,
    0x0, 0x1f, 0xfc, 0x30, 0x4, 0x50, 0x3, 0xbf,
    0xf1, 0x0, 0x0, 0xaf, 0x80, 0x2, 0xbf, 0xfc,
    0x30, 0x6, 0xfa, 0x0, 0x3, 0xff, 0x40, 0x7f,
    0xff, 0xff, 0xf9, 0x3, 0xff, 0x30, 0xc, 0xff,
    0x40, 0xdf, 0xff, 0xff, 0xfe, 0x3, 0xff, 0xc0,
    0x4f, 0xff, 0x40, 0xdf, 0xff, 0xff, 0xfe, 0x3,
    0xff, 0xf4, 0x2f, 0xff, 0x40, 0xdf, 0xff, 0xff,
    0xfe, 0x3, 0xff, 0xf2, 0x8, 0xff, 0x40, 0xcf,
    0xff, 0xff, 0xfe, 0x3, 0xff, 0x80, 0x0, 0xef,
    0x40, 0x3c, 0xff, 0xff, 0xd3, 0x3, 0xfe, 0x0,
    0x0, 0x6f, 0xc3, 0x0, 0x5e, 0xe6, 0x0, 0x2b,
    0xf6, 0x0, 0x0, 0xc, 0xff, 0x91, 0x0, 0x0,
    0x8, 0xff, 0xc0, 0x0, 0x0, 0x3, 0xff, 0xff,
    0x70, 0x6, 0xef, 0xff, 0x30, 0x0, 0x0, 0x0,
    0xaf, 0xff, 0xfe, 0xdf, 0xff, 0xfa, 0x0, 0x0,
    0x0, 0x0, 0x2e, 0xff, 0xff, 0xff, 0xff, 0xe2,
    0x0, 0x0,

    /* U+F0CE5 "󰳥" */
    0x0, 0x0, 0x0, 0x6, 0xa3, 0x0, 0x3a, 0x50,
    0x0, 0x0, 0x0, 0x0, 0x0, 0x0, 0x1e, 0xff,
    0xdd, 0xff, 0xe0, 0x0, 0x0, 0x0, 0x0, 0x0,
    0x0, 0x9f, 0xac, 0xff, 0xbb, 0xf8, 0x0, 0x0,
    0x0, 0x0, 0x7, 0xae, 0xfe, 0x0, 0x32, 0x1,
    0xef, 0xda, 0x70, 0x0, 0x0, 0x1f, 0xff, 0xc5,
    0x0, 0x0, 0x0, 0x5c, 0xff, 0xf1, 0x0, 0x0,
    0xf, 0xd0, 0x0, 0x0, 0xed, 0x0, 0x0, 0xe,
    0xf0, 0x0, 0x0, 0xe, 0xe0, 0x0, 0x0, 0xee,
    0x0, 0x0, 0xf, 0xe0, 0x0, 0x0, 0x4f, 0xf0,
    0x0, 0x0, 0xee, 0x0, 0x0, 0xf, 0xf3, 0x0,
    0x2, 0xff, 0x50, 0x0, 0x0, 0xee, 0x0, 0x0,
    0x5, 0xfe, 0x20, 0xd, 0xf9, 0x0, 0x0, 0x0,
    0xee, 0x0, 0x0, 0x0, 0x9f, 0xd0, 0x5, 0xfe,
    0x20, 0x0, 0x0, 0x87, 0x0, 0x0, 0x3, 0xff,
    0x40, 0x0, 0x7f, 0xe0, 0x0, 0x0, 0x0, 0x0,
    0x0, 0xe, 0xf5, 0x0, 0x0, 0xe, 0xe0, 0x0,
    0x0, 0xaa, 0x0, 0x0, 0xf, 0xe0, 0x0, 0x0,
    0xf, 0xd0, 0x0, 0x0, 0xee, 0x0, 0x0, 0xd,
    0xf0, 0x0, 0x0, 0x1f, 0xfc, 0x93, 0x0, 0x11,
    0x0, 0x3a, 0xdf, 0xf1, 0x0, 0x0, 0x19, 0xdf,
    0xfd, 0x0, 0x10, 0x0, 0xdf, 0xfd, 0x91, 0x0,
    0x0, 0x0, 0x1, 0xbf, 0x89, 0xff, 0x99, 0xfa,
    0x0, 0x0, 0x0, 0x0, 0x0, 0x0, 0x2f, 0xff,
    0xff, 0xff, 0xf1, 0x0, 0x0, 0x0, 0x0, 0x0,
    0x0, 0x8, 0xd6, 0x0, 0x6d, 0x70, 0x0, 0x0,
    0x0, 0x0, 0x0, 0x0, 0x0, 0x0, 0x0, 0x0,
    0x0, 0x0, 0x0, 0x0,

    /* U+F0D22 "󰴢" */
    0x0, 0x0, 0x0, 0x0, 0x11, 0x11, 0x11, 0x11,
    0x10, 0x0, 0x0, 0x0, 0x0, 0x1f, 0xff, 0xff,
    0xff, 0xff, 0xfe, 0x0, 0x0, 0x0, 0x0, 0x2e,
    0xad, 0xca, 0xab, 0xfa, 0xaf, 0x10, 0x0, 0x0,
    0x0, 0x2c, 0x8, 0x60, 0x4, 0xe0, 0xf, 0x10,
    0x9, 0xbb, 0xbb, 0xce, 0xbe, 0x82, 0x26, 0xe2,
    0x3f, 0x10, 0x1f, 0xff, 0xfd, 0xff, 0xff, 0xff,
    0xff, 0xff, 0xff, 0x10, 0x1f, 0xf9, 0x2, 0x1c,
    0xff, 0x60, 0x4, 0xe0, 0xf, 0x10, 0x1f, 0xe0,
    0x6f, 0xd2, 0xff, 0x60, 0x4, 0xe0, 0xf, 0x20,
    0x1f, 0xb0, 0xbf, 0xf1, 0xef, 0xff, 0xff, 0xff,
    0xff, 0xf2, 0x1f, 0xb0, 0x8f, 0xe0, 0xff, 0x82,
    0x26, 0xe2, 0xaf, 0xf3, 0x1f, 0xf1, 0x5, 0x24,
    0xff, 0x70, 0x4, 0xec, 0xe4, 0xe3, 0x1f, 0xfc,
    0x31, 0x5e, 0xff, 0xf8, 0x7, 0xfa, 0x10, 0xe3,
    0x1f, 0xff, 0xff, 0xff, 0xff, 0x5d, 0xff, 0x60,
    0x0, 0xe3, 0x6, 0x88, 0x8a, 0xe8, 0x86, 0x0,
    0x8f, 0xa1, 0x0, 0xe3, 0x0, 0x0, 0x4, 0xd0,
    0x0, 0x0, 0x2, 0xce, 0x50, 0xe3, 0x0, 0x0,
    0x4, 0xe3, 0x33, 0x33, 0x33, 0x39, 0xfb, 0xe3,
    0x0, 0x0, 0x2, 0xef, 0xff, 0xff, 0xff, 0xff,
    0xff, 0xe1,

    /* U+F0E0D "󰸍" */
    0x0, 0x0, 0x0, 0x0, 0x0, 0x66, 0x0, 0x0,
    0x0, 0x0, 0x0, 0x0, 0x0, 0x0, 0x0, 0x0,
    0xee, 0x0, 0x0, 0x0, 0x0, 0x0, 0x29, 0xaa,
    0xaa, 0xaa, 0xa1, 0xee, 0x1a, 0xaa, 0xaa, 0xaa,
    0x91, 0xcf, 0xff, 0xff, 0xff, 0xf2, 0xee, 0x2f,
    0xff, 0xff, 0xff, 0xfc, 0xff, 0xff, 0xff, 0xff,
    0xf2, 0x33, 0x2f, 0xff, 0xff, 0xff, 0xff, 0xff,
    0xff, 0xff, 0xff, 0xfd, 0xcc, 0xdf, 0xff, 0xff,
    0xff, 0xff, 0xff, 0xff, 0xff, 0xff, 0xff, 0xff,
    0xd0, 0x0, 0x0, 0xaf, 0xff, 0xff, 0xff, 0xfe,
    0x40, 0x8f, 0xff, 0xd0, 0x0, 0x0, 0xaf, 0xff,
    0xff, 0xff, 0xf9, 0x0, 0xe, 0xff, 0xff, 0xff,
    0xff, 0xff, 0xff, 0xff, 0xff, 0xfb, 0x0, 0x1f,
    0xff, 0xfc, 0xcc, 0xcc, 0xef, 0xff, 0xff, 0xff,
    0xff, 0xa7, 0xdf, 0xff, 0xd0, 0x0, 0x0, 0xaf,
    0xff, 0xff, 0xff, 0xfb, 0x76, 0x8d, 0xff, 0xf9,
    0x99, 0x99, 0xdf, 0xff, 0xff, 0xfe, 0x20, 0x0,
    0x0, 0x7f, 0xff, 0xff, 0xff, 0xff, 0xff, 0xff,
    0xfa, 0x0, 0x0, 0x0, 0xf, 0xd2, 0x22, 0x22,
    0xbf, 0xff, 0xff, 0xfd, 0x99, 0x99, 0x99, 0x9f,
    0xd0, 0x0, 0x0, 0xaf, 0xff, 0xff, 0xff, 0xff,
    0xff, 0xff, 0xff, 0xfb, 0xbb, 0xbb, 0xef, 0xff,
    0xff, 0xff, 0xff, 0xff, 0xff, 0xff, 0xff, 0xff,
    0xff, 0xff, 0xff, 0xef, 0xff, 0xff, 0xff, 0xff,
    0xff, 0xff, 0xff, 0xff, 0xff, 0xfe, 0x5e, 0xff,
    0xff, 0xff, 0xff, 0xff, 0xff, 0xff, 0xff, 0xff,
    0xe5,

    /* U+F1098 "󱂘" */
    0x0, 0x0, 0x0, 0x0, 0x0, 0x0, 0x99, 0x99,
    0x99, 0x99, 0x99, 0x0, 0x0, 0x29, 0xa8, 0x10,
    0x1, 0xff, 0xff, 0xff, 0xff, 0xff, 0x0, 0x4,
    0xff, 0xff, 0xe2, 0x1, 0xff, 0xfa, 0x33, 0xaf,
    0xff, 0x0, 0xe, 0xf7, 0x39, 0xfb, 0x1, 0xff,
    0xe2, 0x0, 0x3e, 0xff, 0x0, 0x3f, 0xb0, 0x0,
    0xef, 0x1, 0xfc, 0x0, 0x0, 0x0, 0xdf, 0x0,
    0x3f, 0xb0, 0x0, 0xdf, 0x1, 0xfc, 0x0, 0x0,
    0x0, 0xdf, 0x0, 0xe, 0xf6, 0x28, 0xfc, 0x1,
    0xfc, 0x6, 0xee, 0x50, 0xdf, 0x0, 0x4, 0xff,
    0xff, 0xe2, 0x1, 0xfc, 0x2f, 0xff, 0xf1, 0xdf,
    0x0, 0x0, 0x39, 0xb9, 0x10, 0x1, 0xfc, 0x4f,
    0xff, 0xf2, 0xdf, 0x0, 0x0, 0x0, 0x0, 0x0,
    0x1, 0xfc, 0xb, 0xff, 0xb0, 0xdf, 0x0, 0x2,
    0x68, 0x98, 0x62, 0x1, 0xfc, 0x0, 0x44, 0x0,
    0xdf, 0x3, 0xcf, 0xff, 0xff, 0xff, 0x11, 0xfc,
    0x0, 0x0, 0x0, 0xdf, 0x4f, 0xfc, 0x74, 0x34,
    0x8e, 0x11, 0xfe, 0x70, 0x0, 0x7, 0xff, 0xdf,
    0x50, 0x0, 0x0, 0x0, 0x1, 0xff, 0xf6, 0x0,
    0x7f, 0xff, 0xff, 0xcc, 0xcc, 0xcc, 0xcc, 0x1,
    0xff, 0xfe, 0xcc, 0xef, 0xff, 0xff, 0xff, 0xff,
    0xff, 0xff, 0x11, 0xff, 0xff, 0xff, 0xff, 0xff,
    0x0, 0x0, 0x0, 0x0, 0x0, 0x0, 0x0, 0x0,
    0x0, 0x0, 0x0,

    /* U+F10C2 "󱃂" */
    0x0, 0x0, 0x44, 0x0, 0x0, 0x0, 0x1d, 0xff,
    0xd1, 0x0, 0x0, 0x9f, 0xaa, 0xf9, 0x0, 0x0,
    0xcf, 0xaa, 0xfc, 0x0, 0x0, 0xcf, 0xff, 0xfc,
    0x0, 0x0, 0xcf, 0xff, 0xfc, 0x0, 0x0, 0xcf,
    0xff, 0xfc, 0x0, 0x0, 0xcf, 0xff, 0xfc, 0x0,
    0x0, 0xcf, 0xff, 0xfc, 0x0, 0x0, 0xcf, 0xff,
    0xfc, 0x0, 0x0, 0xcf, 0xff, 0xfc, 0x0, 0x8,
    0xff, 0xff, 0xff, 0x80, 0x2f, 0xff, 0xff, 0xff,
    0xf2, 0x7f, 0xff, 0xff, 0xff, 0xf7, 0x9f, 0xff,
    0xff, 0xff, 0xf8, 0x6f, 0xff, 0xff, 0xff, 0xf6,
    0x1f, 0xff, 0xff, 0xff, 0xf1, 0x4, 0xff, 0xff,
    0xff, 0x50, 0x0, 0x2a, 0xee, 0xa3, 0x0,

    /* U+F1146 "󱅆" */
    0x0, 0x0, 0x57, 0x77, 0x77, 0x77, 0x77, 0x72,
    0x0, 0x0, 0x0, 0x0, 0xb, 0xff, 0xff, 0xff,
    0xff, 0xff, 0x40, 0x0, 0x0, 0x0, 0x0, 0xbf,
    0xff, 0xff, 0xff, 0xff, 0xf4, 0x0, 0x0, 0x0,
    0x0, 0xb, 0xff, 0xff, 0xff, 0xff, 0xff, 0x40,
    0x0, 0x0, 0x0, 0x0, 0x23, 0x33, 0x33, 0x33,
    0x33, 0x30, 0x0, 0x0, 0x0, 0x19, 0xdd, 0xdd,
    0xdd, 0xdd, 0xdd, 0xdd, 0xdc, 0x70, 0x0, 0xb,
    0xff, 0xff, 0xff, 0xff, 0xff, 0xff, 0xff, 0xff,
    0x80, 0x1, 0xff, 0xff, 0xff, 0xff, 0xff, 0xff,
    0xff, 0x71, 0xfd, 0x0, 0x2f, 0xff, 0xff, 0xff,
    0xff, 0xff, 0xff, 0xf9, 0x4f, 0xf0, 0x2, 0xff,
    0xff, 0xff, 0xff, 0xff, 0xff, 0xff, 0xdc, 0xef,
    0x0, 0x2f, 0xff, 0xff, 0xba, 0xaa, 0xaa, 0xa8,
    0x10, 0x0, 0x40, 0x2, 0xff, 0xff, 0xf3, 0x0,
    0x0, 0x0, 0x0, 0x0, 0x0, 0x0, 0x2f, 0xff,
    0xff, 0x30, 0x0, 0x0, 0x0, 0x0, 0x0, 0x86,
    0x0, 0x66, 0x6d, 0xf3, 0x0, 0x0, 0x0, 0x32,
    0x0, 0x9f, 0xf1, 0x0, 0x0, 0xbf, 0x30, 0x0,
    0x0, 0x1e, 0xe2, 0x9f, 0xf3, 0x0, 0x0, 0xb,
    0xfd, 0xdd, 0xdc, 0x0, 0x9f, 0xff, 0xf3, 0x0,
    0x0, 0x0, 0xbf, 0xff, 0xff, 0xf1, 0x0, 0x9f,
    0xf3, 0x0, 0x0, 0x0, 0x0, 0x0, 0x0, 0x0,
    0x0, 0x0, 0x93, 0x0, 0x0,

    /* U+F11CE "󱇎" */
    0x0, 0x0, 0x0, 0x0, 0x6, 0x60, 0x0, 0x0,
    0x0, 0x0, 0x0, 0x0, 0x0, 0x0, 0xbf, 0xfb,
    0x0, 0x0, 0x0, 0x0, 0x0, 0x0, 0x0, 0xb,
    0xff, 0xff, 0xb0, 0x0, 0x0, 0x0, 0x0, 0x0,
    0x0, 0xbf, 0xff, 0xff, 0xfb, 0x0, 0x0, 0x0,
    0x0, 0x0, 0xb, 0xff, 0xff, 0xff, 0xff, 0xb0,
    0x0, 0x0, 0x0, 0x0, 0xbf, 0xff, 0xf2, 0x2f,
    0xff, 0xfb, 0x0, 0x0, 0x0, 0xb, 0xff, 0xff,
    0xf1, 0x1f, 0xff, 0xff, 0xb0, 0x0, 0x0, 0xbf,
    0xff, 0xff, 0xf1, 0x1f, 0xff, 0xff, 0xfb, 0x0,
    0xa, 0xff, 0xff, 0xff, 0xf1, 0x1f, 0xff, 0xff,
    0xff, 0xa0, 0x1f, 0xff, 0xff, 0xff, 0xf1, 0x1f,
    0xff, 0xff, 0xff, 0xf1, 0xe, 0xff, 0xff, 0xff,
    0xf3, 0x3f, 0xff, 0xff, 0xff, 0xe0, 0x3, 0xff,
    0xff, 0xff, 0xff, 0xff, 0xff, 0xff, 0xff, 0x30,
    0x0, 0x3f, 0xff, 0xff, 0xfb, 0xbf, 0xff, 0xff,
    0xf3, 0x0, 0x0, 0x3, 0xff, 0xff, 0xf1, 0x1f,
    0xff, 0xff, 0x30, 0x0, 0x0, 0x0, 0x3f, 0xff,
    0xfa, 0xaf, 0xff, 0xf3, 0x0, 0x0, 0x0, 0x0,
    0x3, 0xff, 0xff, 0xff, 0xff, 0x30, 0x0, 0x0,
    0x0, 0x0, 0x0, 0x3f, 0xff, 0xff, 0xf4, 0x0,
    0x0, 0x0, 0x0, 0x0, 0x0, 0x4, 0xff, 0xff,
    0x40, 0x0, 0x0, 0x0, 0x0, 0x0, 0x0, 0x0,
    0x3d, 0xd4, 0x0, 0x0, 0x0, 0x0,

    /* U+F1209 "󱈉" */
    0x0, 0x0, 0x0, 0x2, 0x63, 0x6, 0x10, 0x0,
    0x0, 0x0, 0x0, 0x0, 0x3f, 0xff, 0x68, 0xe1,
    0x0, 0x0, 0x4, 0x10, 0x0, 0x9f, 0x9f, 0xd4,
    0xf6, 0x0, 0x0, 0x2f, 0xd1, 0x0, 0xaf, 0x2e,
    0xe3, 0xf7, 0x0, 0x0, 0x6, 0xfd, 0x10, 0x7f,
    0x2e, 0xe3, 0xf7, 0x0, 0x0, 0x0, 0x5f, 0xd1,
    0x9, 0x2e, 0xe3, 0xf7, 0x0, 0x0, 0x0, 0x5,
    0xfd, 0x10, 0xe, 0xe3, 0xf7, 0x0, 0x0, 0x0,
    0x0, 0x4f, 0xd1, 0x8, 0xe3, 0xf7, 0x0, 0x0,
    0x0, 0x0, 0x4, 0xfd, 0x10, 0x73, 0xf7, 0x0,
    0x0, 0x0, 0x0, 0x0, 0xaf, 0xd1, 0x3, 0xf7,
    0x0, 0x0, 0x0, 0x0, 0x0, 0xaf, 0xfd, 0x10,
    0xa7, 0x0, 0x0, 0x0, 0x0, 0x5, 0xcf, 0xff,
    0xd1, 0x6, 0x20, 0x0, 0x0, 0x0, 0xd, 0xff,
    0xff, 0xfd, 0x10, 0x20, 0x0, 0x0, 0x0, 0xd,
    0xff, 0xff, 0xff, 0xd1, 0x0, 0x0, 0x0, 0x0,
    0xb, 0xff, 0xff, 0xff, 0xfd, 0x10, 0x0, 0x0,
    0x0, 0x0, 0x33, 0x33, 0x33, 0x6f, 0xd1, 0x0,
    0x0, 0x0, 0x0, 0x0, 0x0, 0x0, 0x5, 0xfd,
    0x10, 0x0, 0x0, 0x0, 0xb, 0xff, 0xff, 0x90,
    0x5f, 0xd0, 0x0, 0x0, 0x0, 0x7, 0xdd, 0xdd,
    0x50, 0x6, 0x50,

    /* U+F129E "󱊞" */
    0x0, 0x0, 0x0, 0x0, 0x0, 0x0, 0x7, 0x20,
    0x0, 0x0, 0x0, 0x0, 0x0, 0x0, 0x0, 0x0,
    0x0, 0xaf, 0xe3, 0x0, 0x0, 0x0, 0x0, 0x0,
    0x0, 0x0, 0x0, 0xa, 0xfe, 0xfe, 0x30, 0x0,
    0x0, 0x0, 0x0, 0x0, 0x0, 0x21, 0xaf, 0xd1,
    0x7f, 0xe3, 0x0, 0x0, 0x0, 0x0, 0x0, 0x2,
    0xef, 0xfd, 0x2c, 0x77, 0xfe, 0x30, 0x0, 0x0,
    0x0, 0x0, 0x2e, 0xff, 0xf2, 0x3f, 0xb0, 0x7f,
    0xe3, 0x0, 0x0, 0x0, 0x2, 0xef, 0xff, 0xfd,
    0x12, 0x0, 0x47, 0xfe, 0x30, 0x0, 0x0, 0x1d,
    0xff, 0xff, 0xff, 0xd1, 0x9, 0xf6, 0x8f, 0xe0,
    0x0, 0x1, 0xdf, 0xff, 0xff, 0xff, 0xfd, 0x13,
    0xc2, 0xcf, 0xb0, 0x0, 0x1d, 0xff, 0xff, 0xff,
    0xff, 0xff, 0xc1, 0xc, 0xfb, 0x0, 0x0, 0xcf,
    0xff, 0xff, 0xff, 0xff, 0xff, 0xfc, 0xcf, 0xb0,
    0x0, 0x6, 0xff, 0xff, 0xa8, 0xcf, 0xff, 0xff,
    0xff, 0xfb, 0x0, 0x0, 0xd, 0xff, 0xf4, 0x0,
    0xa, 0xff, 0xff, 0xff, 0xfc, 0x0, 0x0, 0xf,
    0xff, 0xc0, 0x39, 0x1, 0xff, 0xff, 0xff, 0xf3,
    0x0, 0x0, 0xf, 0xff, 0xa0, 0x7f, 0x20, 0xff,
    0xff, 0xff, 0x30, 0x0, 0x0, 0xf, 0xff, 0xd0,
    0x1, 0x3, 0xff, 0xff, 0xf3, 0x0, 0x0, 0x0,
    0xb, 0xff, 0xf9, 0x0, 0x2d, 0xff, 0xff, 0x40,
    0x0, 0x0, 0x0, 0x4, 0xff, 0xff, 0xfe, 0xff,
    0xff, 0xf4, 0x0, 0x0, 0x0, 0x0, 0x0, 0x9f,
    0xff, 0xff, 0xff, 0xff, 0x40, 0x0, 0x0, 0x0,
    0x0, 0x0, 0x8, 0xff, 0xff, 0xff, 0xe4, 0x0,
    0x0, 0x0, 0x0, 0x0, 0x0, 0x0, 0x28, 0xcd,
    0xb7, 0x0, 0x0, 0x0, 0x0, 0x0, 0x0,

    /* U+F1337 "󱌷" */
    0x0, 0x0, 0x58, 0x40, 0x0, 0x2, 0xfc, 0x0,
    0x0, 0xc, 0xb0, 0x0, 0x0, 0x7b, 0x0, 0x0,
    0x0, 0x20, 0x0, 0x0, 0x0, 0x0, 0x0, 0x0,
    0xaf, 0xfd, 0xfc, 0x40, 0x9f, 0xff, 0xef, 0xf3,
    0xc, 0xf5, 0x5, 0xf9, 0xc, 0xf1, 0x1, 0xfb,
    0xc, 0xf1, 0x1, 0xfb, 0xc, 0xf1, 0x4, 0xfa,
    0xc, 0xf1, 0xbf, 0xf4, 0xc, 0xf1, 0xfe, 0x60,
    0xc, 0xf1, 0x10, 0x0, 0xc, 0xf1, 0x0, 0x0,
    0xc, 0xf1, 0x0, 0x0,

    /* U+F1394 "󱎔" */
    0x0, 0x0, 0x2, 0xbe, 0xc3, 0x0, 0x0, 0x0,
    0x0, 0x0, 0x0, 0x0, 0x1e, 0xfe, 0xff, 0x40,
    0x0, 0x0, 0x0, 0x0, 0x0, 0x0, 0x7f, 0x80,
    0x4f, 0xf4, 0x0, 0x0, 0x0, 0x0, 0x0, 0x0,
    0x8f, 0x40, 0x4, 0xff, 0x40, 0x0, 0x0, 0x0,
    0x0, 0x0, 0x5f, 0xd1, 0x0, 0x5f, 0xf5, 0xc3,
    0x0, 0x0, 0x0, 0x0, 0xb, 0xfc, 0x0, 0x6,
    0xff, 0xff, 0x30, 0x0, 0x3, 0xea, 0x0, 0xcf,
    0xc0, 0x1, 0xef, 0xff, 0xf3, 0x0, 0x2e, 0x3a,
    0xb5, 0xc, 0xfc, 0x4, 0xff, 0xff, 0xfb, 0x0,
    0x5c, 0x4, 0xff, 0x40, 0xcf, 0xb0, 0x5f, 0xff,
    0x9c, 0x70, 0x8, 0xcf, 0xff, 0xf4, 0x1c, 0xfb,
    0x6, 0xfd, 0x1, 0xf0, 0x0, 0xff, 0xff, 0xfe,
    0x1, 0xdf, 0xa0, 0x4b, 0x9c, 0x70, 0x0, 0x4f,
    0xff, 0xf8, 0x0, 0x1d, 0xfa, 0x0, 0x97, 0x0,
    0x0, 0x4, 0xff, 0xff, 0x40, 0x1, 0xdf, 0x80,
    0x0, 0x0, 0x0, 0x0, 0x45, 0x5f, 0xf4, 0x0,
    0x1e, 0xf1, 0x0, 0x0, 0x0, 0x0, 0x0, 0x5,
    0xff, 0x30, 0xa, 0xf2, 0x0, 0x0, 0x0, 0x0,
    0x0, 0x0, 0x6f, 0xe5, 0x4e, 0xf0, 0x0, 0x0,
    0x0, 0x0, 0x0, 0x0, 0x6, 0xff, 0xff, 0x60,
    0x0, 0x0, 0x0, 0x0, 0x0, 0x0, 0x0, 0x39,
    0x94, 0x0, 0x0, 0x0,

    /* U+F13B6 "󱎶" */
    0x0, 0x0, 0x0, 0x0, 0x2, 0xb9, 0x0, 0x0,
    0x0, 0x0, 0x0, 0x0, 0x0, 0x36, 0x0, 0xb,
    0xff, 0x50, 0x0, 0x0, 0x0, 0x0, 0x0, 0x2,
    0xff, 0xa0, 0x8, 0xff, 0x30, 0x0, 0x27, 0x40,
    0x0, 0x0, 0x3, 0xff, 0xd0, 0x1, 0xfb, 0x0,
    0x0, 0xcf, 0xf1, 0x0, 0x0, 0x0, 0x7e, 0xf5,
    0x39, 0xfe, 0x72, 0x3, 0xff, 0xf2, 0x0, 0x0,
    0x0, 0x2, 0xff, 0xff, 0xff, 0xff, 0xae, 0xfa,
    0x50, 0x0, 0x0, 0x0, 0x0, 0xdf, 0xff, 0xff,
    0xff, 0xff, 0x70, 0x0, 0x0, 0x0, 0x1, 0x8b,
    0xff, 0xfe, 0xff, 0xff, 0xff, 0x80, 0x0, 0x0,
    0x0, 0xa, 0xff, 0xff, 0x80, 0x7f, 0xff, 0xff,
    0xf1, 0x0, 0x0, 0x0, 0xa, 0xff, 0xff, 0x50,
    0x3f, 0xff, 0xff, 0xf4, 0x0, 0x0, 0x0, 0x1,
    0xaf, 0xff, 0xd7, 0xdf, 0xff, 0xff, 0xfa, 0xbf,
    0xa0, 0x0, 0x0, 0x4f, 0xff, 0xff, 0xff, 0x8c,
    0xff, 0xff, 0xff, 0xf0, 0x9, 0xfc, 0xff, 0xff,
    0xff, 0xfd, 0x5, 0xff, 0xf6, 0xaf, 0xa0, 0xf,
    0xff, 0xed, 0xff, 0xff, 0xff, 0xce, 0xff, 0xa0,
    0x0, 0x0, 0xa, 0xfa, 0x1, 0xef, 0xff, 0xff,
    0xff, 0xff, 0x50, 0x0, 0x0, 0x0, 0x0, 0x0,
    0x3f, 0xff, 0xff, 0xff, 0xdf, 0xf4, 0x0, 0x0,
    0x0, 0x0, 0x0, 0x8f, 0xbc, 0xef, 0xfd, 0x5,
    0xff, 0x83, 0x0, 0x0, 0x0, 0x5, 0xff, 0x10,
    0x1f, 0xff, 0x20, 0x5f, 0xff, 0x0, 0x0, 0x0,
    0x4f, 0xfb, 0x0, 0xd, 0xfd, 0x0, 0xf, 0xff,
    0x10, 0x0, 0x0, 0x4f, 0xfa, 0x0, 0x0, 0x30,
    0x0, 0x4, 0xa5, 0x0, 0x0, 0x0, 0x6, 0x81,
    0x0, 0x0, 0x0, 0x0, 0x0, 0x0, 0x0
};


/*---------------------
 *  GLYPH DESCRIPTION
 *--------------------*/

static const lv_font_fmt_txt_glyph_dsc_t glyph_dsc[] = {
    {.bitmap_index = 0, .adv_w = 0, .box_w = 0, .box_h = 0, .ofs_x = 0, .ofs_y = 0} /* id = 0 reserved */,
    {.bitmap_index = 0, .adv_w = 352, .box_w = 20, .box_h = 19, .ofs_x = 1, .ofs_y = -1},
    {.bitmap_index = 190, .adv_w = 352, .box_w = 20, .box_h = 14, .ofs_x = 1, .ofs_y = 1},
    {.bitmap_index = 330, .adv_w = 352, .box_w = 16, .box_h = 16, .ofs_x = 3, .ofs_y = 0},
    {.bitmap_index = 458, .adv_w = 352, .box_w = 18, .box_h = 17, .ofs_x = 2, .ofs_y = 0},
    {.bitmap_index = 611, .adv_w = 352, .box_w = 18, .box_h = 17, .ofs_x = 2, .ofs_y = 0},
    {.bitmap_index = 764, .adv_w = 352, .box_w = 22, .box_h = 21, .ofs_x = 0, .ofs_y = -2},
    {.bitmap_index = 995, .adv_w = 352, .box_w = 17, .box_h = 17, .ofs_x = 3, .ofs_y = 0},
    {.bitmap_index = 1140, .adv_w = 352, .box_w = 20, .box_h = 19, .ofs_x = 1, .ofs_y = -1},
    {.bitmap_index = 1330, .adv_w = 352, .box_w = 19, .box_h = 12, .ofs_x = 2, .ofs_y = 2},
    {.bitmap_index = 1444, .adv_w = 352, .box_w = 20, .box_h = 10, .ofs_x = 1, .ofs_y = 3},
    {.bitmap_index = 1544, .adv_w = 352, .box_w = 20, .box_h = 14, .ofs_x = 1, .ofs_y = 1},
    {.bitmap_index = 1684, .adv_w = 352, .box_w = 19, .box_h = 20, .ofs_x = 1, .ofs_y = -1},
    {.bitmap_index = 1874, .adv_w = 352, .box_w = 20, .box_h = 12, .ofs_x = 1, .ofs_y = 2},
    {.bitmap_index = 1994, .adv_w = 352, .box_w = 18, .box_h = 20, .ofs_x = 2, .ofs_y = -2},
    {.bitmap_index = 2174, .adv_w = 352, .box_w = 13, .box_h = 19, .ofs_x = 4, .ofs_y = -1},
    {.bitmap_index = 2298, .adv_w = 352, .box_w = 18, .box_h = 19, .ofs_x = 2, .ofs_y = -1},
    {.bitmap_index = 2469, .adv_w = 352, .box_w = 18, .box_h = 19, .ofs_x = 2, .ofs_y = 0},
    {.bitmap_index = 2640, .adv_w = 352, .box_w = 18, .box_h = 16, .ofs_x = 2, .ofs_y = -1},
    {.bitmap_index = 2784, .adv_w = 352, .box_w = 19, .box_h = 19, .ofs_x = 1, .ofs_y = -1},
    {.bitmap_index = 2965, .adv_w = 352, .box_w = 21, .box_h = 20, .ofs_x = 1, .ofs_y = -1},
    {.bitmap_index = 3175, .adv_w = 352, .box_w = 20, .box_h = 19, .ofs_x = 1, .ofs_y = -1},
    {.bitmap_index = 3365, .adv_w = 352, .box_w = 22, .box_h = 16, .ofs_x = 0, .ofs_y = 0},
    {.bitmap_index = 3541, .adv_w = 352, .box_w = 20, .box_h = 17, .ofs_x = 1, .ofs_y = 0},
    {.bitmap_index = 3711, .adv_w = 352, .box_w = 14, .box_h = 17, .ofs_x = 4, .ofs_y = 0},
    {.bitmap_index = 3830, .adv_w = 352, .box_w = 20, .box_h = 16, .ofs_x = 1, .ofs_y = 0},
    {.bitmap_index = 3990, .adv_w = 352, .box_w = 22, .box_h = 15, .ofs_x = 0, .ofs_y = 1},
    {.bitmap_index = 4155, .adv_w = 352, .box_w = 20, .box_h = 20, .ofs_x = 1, .ofs_y = -2},
    {.bitmap_index = 4355, .adv_w = 352, .box_w = 20, .box_h = 19, .ofs_x = 1, .ofs_y = -1},
    {.bitmap_index = 4545, .adv_w = 352, .box_w = 10, .box_h = 20, .ofs_x = 6, .ofs_y = -2},
    {.bitmap_index = 4645, .adv_w = 352, .box_w = 22, .box_h = 12, .ofs_x = 0, .ofs_y = 2},
    {.bitmap_index = 4777, .adv_w = 352, .box_w = 20, .box_h = 19, .ofs_x = 1, .ofs_y = -1},
    {.bitmap_index = 4967, .adv_w = 352, .box_w = 18, .box_h = 19, .ofs_x = 2, .ofs_y = -1},
    {.bitmap_index = 5138, .adv_w = 352, .box_w = 20, .box_h = 16, .ofs_x = 1, .ofs_y = 0},
    {.bitmap_index = 5298, .adv_w = 352, .box_w = 20, .box_h = 18, .ofs_x = 1, .ofs_y = -1},
    {.bitmap_index = 5478, .adv_w = 352, .box_w = 20, .box_h = 17, .ofs_x = 1, .ofs_y = 0},
    {.bitmap_index = 5648, .adv_w = 352, .box_w = 18, .box_h = 17, .ofs_x = 2, .ofs_y = 0},
    {.bitmap_index = 5801, .adv_w = 352, .box_w = 20, .box_h = 19, .ofs_x = 1, .ofs_y = -1},
    {.bitmap_index = 5991, .adv_w = 352, .box_w = 14, .box_h = 19, .ofs_x = 4, .ofs_y = -1},
    {.bitmap_index = 6124, .adv_w = 352, .box_w = 18, .box_h = 17, .ofs_x = 2, .ofs_y = 0},
    {.bitmap_index = 6277, .adv_w = 352, .box_w = 16, .box_h = 20, .ofs_x = 3, .ofs_y = -1},
    {.bitmap_index = 6437, .adv_w = 352, .box_w = 14, .box_h = 20, .ofs_x = 4, .ofs_y = -2},
    {.bitmap_index = 6577, .adv_w = 352, .box_w = 20, .box_h = 19, .ofs_x = 1, .ofs_y = -1},
    {.bitmap_index = 6767, .adv_w = 352, .box_w = 12, .box_h = 17, .ofs_x = 5, .ofs_y = 0},
    {.bitmap_index = 6869, .adv_w = 352, .box_w = 20, .box_h = 17, .ofs_x = 1, .ofs_y = 0},
    {.bitmap_index = 7039, .adv_w = 352, .box_w = 18, .box_h = 17, .ofs_x = 2, .ofs_y = 0},
    {.bitmap_index = 7192, .adv_w = 352, .box_w = 18, .box_h = 17, .ofs_x = 2, .ofs_y = 0},
    {.bitmap_index = 7345, .adv_w = 352, .box_w = 18, .box_h = 17, .ofs_x = 2, .ofs_y = 0},
    {.bitmap_index = 7498, .adv_w = 352, .box_w = 21, .box_h = 20, .ofs_x = 1, .ofs_y = -1},
    {.bitmap_index = 7708, .adv_w = 352, .box_w = 20, .box_h = 19, .ofs_x = 1, .ofs_y = -1},
    {.bitmap_index = 7898, .adv_w = 352, .box_w = 18, .box_h = 19, .ofs_x = 2, .ofs_y = -1},
    {.bitmap_index = 8069, .adv_w = 352, .box_w = 22, .box_h = 16, .ofs_x = 0, .ofs_y = 0},
    {.bitmap_index = 8245, .adv_w = 352, .box_w = 20, .box_h = 19, .ofs_x = 1, .ofs_y = -1},
    {.bitmap_index = 8435, .adv_w = 352, .box_w = 20, .box_h = 19, .ofs_x = 1, .ofs_y = -1},
    {.bitmap_index = 8625, .adv_w = 352, .box_w = 19, .box_h = 19, .ofs_x = 1, .ofs_y = -1},
    {.bitmap_index = 8806, .adv_w = 352, .box_w = 20, .box_h = 19, .ofs_x = 1, .ofs_y = -1},
    {.bitmap_index = 8996, .adv_w = 352, .box_w = 20, .box_h = 19, .ofs_x = 1, .ofs_y = -1},
    {.bitmap_index = 9186, .adv_w = 352, .box_w = 20, .box_h = 20, .ofs_x = 1, .ofs_y = -2},
    {.bitmap_index = 9386, .adv_w = 352, .box_w = 16, .box_h = 18, .ofs_x = 3, .ofs_y = 0},
    {.bitmap_index = 9530, .adv_w = 352, .box_w = 14, .box_h = 19, .ofs_x = 4, .ofs_y = -1},
    {.bitmap_index = 9663, .adv_w = 352, .box_w = 16, .box_h = 20, .ofs_x = 3, .ofs_y = -2},
    {.bitmap_index = 9823, .adv_w = 352, .box_w = 20, .box_h = 16, .ofs_x = 1, .ofs_y = 0},
    {.bitmap_index = 9983, .adv_w = 352, .box_w = 14, .box_h = 21, .ofs_x = 4, .ofs_y = -2},
    {.bitmap_index = 10130, .adv_w = 352, .box_w = 20, .box_h = 19, .ofs_x = 1, .ofs_y = -1},
    {.bitmap_index = 10320, .adv_w = 352, .box_w = 18, .box_h = 12, .ofs_x = 2, .ofs_y = 2},
    {.bitmap_index = 10428, .adv_w = 352, .box_w = 22, .box_h = 14, .ofs_x = 0, .ofs_y = 1},
    {.bitmap_index = 10582, .adv_w = 352, .box_w = 19, .box_h = 21, .ofs_x = 1, .ofs_y = -2},
    {.bitmap_index = 10782, .adv_w = 352, .box_w = 20, .box_h = 19, .ofs_x = 1, .ofs_y = -1},
    {.bitmap_index = 10972, .adv_w = 352, .box_w = 20, .box_h = 17, .ofs_x = 1, .ofs_y = 0},
    {.bitmap_index = 11142, .adv_w = 352, .box_w = 20, .box_h = 14, .ofs_x = 1, .ofs_y = 1},
    {.bitmap_index = 11282, .adv_w = 352, .box_w = 20, .box_h = 17, .ofs_x = 1, .ofs_y = 0},
    {.bitmap_index = 11452, .adv_w = 352, .box_w = 20, .box_h = 16, .ofs_x = 1, .ofs_y = 0},
    {.bitmap_index = 11612, .adv_w = 352, .box_w = 14, .box_h = 19, .ofs_x = 4, .ofs_y = -1},
    {.bitmap_index = 11745, .adv_w = 352, .box_w = 12, .box_h = 20, .ofs_x = 5, .ofs_y = -2},
    {.bitmap_index = 11865, .adv_w = 352, .box_w = 19, .box_h = 17, .ofs_x = 1, .ofs_y = 0},
    {.bitmap_index = 12027, .adv_w = 352, .box_w = 19, .box_h = 18, .ofs_x = 1, .ofs_y = -1},
    {.bitmap_index = 12198, .adv_w = 352, .box_w = 19, .box_h = 16, .ofs_x = 2, .ofs_y = 0},
    {.bitmap_index = 12350, .adv_w = 352, .box_w = 19, .box_h = 16, .ofs_x = 2, .ofs_y = 0},
    {.bitmap_index = 12502, .adv_w = 352, .box_w = 19, .box_h = 16, .ofs_x = 2, .ofs_y = 0},
    {.bitmap_index = 12654, .adv_w = 352, .box_w = 16, .box_h = 19, .ofs_x = 3, .ofs_y = -1},
    {.bitmap_index = 12806, .adv_w = 352, .box_w = 20, .box_h = 20, .ofs_x = 1, .ofs_y = -2},
    {.bitmap_index = 13006, .adv_w = 352, .box_w = 18, .box_h = 17, .ofs_x = 2, .ofs_y = 0},
    {.bitmap_index = 13159, .adv_w = 352, .box_w = 22, .box_h = 15, .ofs_x = 0, .ofs_y = 0},
    {.bitmap_index = 13324, .adv_w = 352, .box_w = 20, .box_h = 21, .ofs_x = 1, .ofs_y = -2},
    {.bitmap_index = 13534, .adv_w = 352, .box_w = 16, .box_h = 16, .ofs_x = 3, .ofs_y = 0},
    {.bitmap_index = 13662, .adv_w = 352, .box_w = 18, .box_h = 17, .ofs_x = 2, .ofs_y = 0},
    {.bitmap_index = 13815, .adv_w = 352, .box_w = 16, .box_h = 17, .ofs_x = 3, .ofs_y = 0},
    {.bitmap_index = 13951, .adv_w = 352, .box_w = 18, .box_h = 21, .ofs_x = 2, .ofs_y = -3},
    {.bitmap_index = 14140, .adv_w = 352, .box_w = 20, .box_h = 17, .ofs_x = 1, .ofs_y = 0},
    {.bitmap_index = 14310, .adv_w = 352, .box_w = 22, .box_h = 20, .ofs_x = 0, .ofs_y = -2},
    {.bitmap_index = 14530, .adv_w = 352, .box_w = 20, .box_h = 17, .ofs_x = 1, .ofs_y = 0},
    {.bitmap_index = 14700, .adv_w = 352, .box_w = 22, .box_h = 19, .ofs_x = 0, .ofs_y = -1},
    {.bitmap_index = 14909, .adv_w = 352, .box_w = 22, .box_h = 17, .ofs_x = 0, .ofs_y = 0},
    {.bitmap_index = 15096, .adv_w = 352, .box_w = 10, .box_h = 19, .ofs_x = 6, .ofs_y = -1},
    {.bitmap_index = 15191, .adv_w = 352, .box_w = 21, .box_h = 18, .ofs_x = 1, .ofs_y = -1},
    {.bitmap_index = 15380, .adv_w = 352, .box_w = 20, .box_h = 19, .ofs_x = 1, .ofs_y = -1},
    {.bitmap_index = 15570, .adv_w = 352, .box_w = 18, .box_h = 19, .ofs_x = 1, .ofs_y = -1},
    {.bitmap_index = 15741, .adv_w = 352, .box_w = 22, .box_h = 21, .ofs_x = 0, .ofs_y = -2},
    {.bitmap_index = 15972, .adv_w = 352, .box_w = 8, .box_h = 17, .ofs_x = 7, .ofs_y = 0},
    {.bitmap_index = 16040, .adv_w = 352, .box_w = 20, .box_h = 18, .ofs_x = 1, .ofs_y = -1},
    {.bitmap_index = 16220, .adv_w = 352, .box_w = 22, .box_h = 21, .ofs_x = 0, .ofs_y = -2}
};

/*---------------------
 *  CHARACTER MAPPING
 *--------------------*/

static const uint16_t unicode_list_0[] = {
    0x0, 0x2, 0x3, 0x5, 0x6, 0x17, 0x1c, 0x1f,
    0x31, 0x36, 0x37, 0x6f, 0x70, 0x99, 0xae, 0xba,
    0xec, 0x10a, 0x10f, 0x119, 0x138, 0x15e, 0x175, 0x1d9,
    0x1ed, 0x207, 0x20b, 0x20d, 0x240, 0x296, 0x2a3, 0x2a5,
    0x2aa, 0x2ba, 0x2db, 0x2e8, 0x2fd, 0x334, 0x33a, 0x33d,
    0x34d, 0x360, 0x386, 0x394, 0x39a, 0x3d7, 0x3f1, 0x430,
    0x44c, 0x492, 0x4b1, 0x4b5, 0x4c6, 0x4d2, 0x4f3, 0x506,
    0x50d, 0x52b, 0x52c, 0x542, 0x543, 0x552, 0x55f, 0x566,
    0x58f, 0x593, 0x5a2, 0x5a8, 0x5c2, 0x5d6, 0x5f5, 0x66e,
    0x745, 0x759, 0x75a, 0x75c, 0x75d, 0x75e, 0x7db, 0x812,
    0x817, 0x848, 0x951, 0xa04, 0xa05, 0xa79, 0xb2d, 0xc79,
    0xce4, 0xd21, 0xe0c, 0x1097, 0x10c1, 0x1145, 0x11cd, 0x1208,
    0x129d, 0x1336, 0x1393, 0x13b5
};

/*Collect the unicode lists and glyph_id offsets*/
static const lv_font_fmt_txt_cmap_t cmaps[] =
{
    {
        .range_start = 983041, .range_length = 5046, .glyph_id_start = 1,
        .unicode_list = unicode_list_0, .glyph_id_ofs_list = NULL, .list_length = 100, .type = LV_FONT_FMT_TXT_CMAP_SPARSE_TINY
    }
};



/*--------------------
 *  ALL CUSTOM DATA
 *--------------------*/

#if LVGL_VERSION_MAJOR == 8
/*Store all the custom data of the font*/
static  lv_font_fmt_txt_glyph_cache_t cache;
#endif

#if LVGL_VERSION_MAJOR >= 8
static const lv_font_fmt_txt_dsc_t font_dsc = {
#else
static lv_font_fmt_txt_dsc_t font_dsc = {
#endif
    .glyph_bitmap = glyph_bitmap,
    .glyph_dsc = glyph_dsc,
    .cmaps = cmaps,
    .kern_dsc = NULL,
    .kern_scale = 0,
    .cmap_num = 1,
    .bpp = 4,
    .kern_classes = 0,
    .bitmap_format = 0,
#if LVGL_VERSION_MAJOR == 8
    .cache = &cache
#endif

};



/*-----------------
 *  PUBLIC FONT
 *----------------*/

/*Initialize a public general font descriptor*/
#if LVGL_VERSION_MAJOR >= 8
const lv_font_t icons22 = {
#else
lv_font_t icons22 = {
#endif
    .get_glyph_dsc = lv_font_get_glyph_dsc_fmt_txt,    /*Function pointer to get glyph's data*/
    .get_glyph_bitmap = lv_font_get_bitmap_fmt_txt,    /*Function pointer to get glyph's bitmap*/
    .line_height = 22,          /*The maximum line height required by the font*/
    .base_line = 3,             /*Baseline measured from the bottom of the line*/
#if !(LVGL_VERSION_MAJOR == 6 && LVGL_VERSION_MINOR == 0)
    .subpx = LV_FONT_SUBPX_NONE,
#endif
#if LV_VERSION_CHECK(7, 4, 0) || LVGL_VERSION_MAJOR >= 8
    .underline_position = 0,
    .underline_thickness = 0,
#endif
    .static_bitmap = 0,
    .dsc = &font_dsc,          /*The custom font data. Will be accessed by `get_glyph_bitmap/dsc` */
#if LV_VERSION_CHECK(8, 2, 0) || LVGL_VERSION_MAJOR >= 9
    .fallback = NULL,
#endif
    .user_data = NULL,
};



#endif /*#if ICONS22*/
